OBJECTID_1,ULAND,UREGBEZ,UKREIS,UGEMEINDE,UJAHR,UMONAT,USTUNDE,UWOCHENTAG,UKATEGORIE,UART,UTYP1,ULICHTVERH,IstRad,IstPKW,IstFuss,IstKrad,IstGkfz,IstSonstig,STRZUSTAND,LINREFX,LINREFY,XGCSWGS84,YGCSWGS84,index_right,FID,SBZ,Name
165394,14,7,13,000,2018,01,10,4,3,1,5,0,1,1,0,0,0,0,0,"735395,922700000000000","5690990,044599999700000",12.378491887000052,51.32142279800007,4,4,4,Süd
165397,14,7,13,000,2018,01,13,4,2,6,7,0,0,0,1,0,0,1,0,"738795,525600000050000","5696015,249699999600000",12.430560909000064,51.36511184400007,1,1,1,Nordost
165399,14,7,13,000,2018,01,12,4,3,4,2,0,0,1,0,0,0,0,0,"736581,385400000030000","5691294,536299999800000",12.395676159000061,51.32366433900006,0,0,0,Mitte
165401,14,7,13,000,2018,01,10,4,2,6,4,0,0,1,1,0,0,0,0,"736200,589000000040000","5691889,265599999600000",12.390614932000062,51.32916098000004,0,0,0,Mitte
165433,14,7,13,000,2018,01,00,2,3,6,4,2,0,1,1,0,0,0,0,"735050,661199999970000","5691139,093700000100000",12.373644054000067,51.322903448000034,4,4,4,Süd
165437,14,7,13,000,2018,01,08,3,3,1,5,1,1,1,0,0,0,0,0,"737324,056499999950000","5693044,909000000000000",12.407481329000063,51.339066539000044,2,2,2,Ost
165456,14,7,13,000,2018,01,16,2,3,2,2,2,0,1,0,0,0,0,0,"735500,739399999960000","5692056,258100000200000",12.380697878000035,51.33095011700004,0,0,0,Mitte
165458,14,7,13,000,2018,01,15,2,3,6,7,0,0,1,1,0,0,0,0,"735891,569600000050000","5693496,482699999600000",12.387251594000077,51.34371600400004,0,0,0,Mitte
165460,14,7,13,000,2018,01,07,2,3,5,3,1,1,0,0,0,1,0,0,"736341,275999999950000","5692763,110999999600000",12.39321029100006,51.33694636600006,0,0,0,Mitte
165462,14,7,13,000,2018,01,15,2,3,3,2,0,1,1,0,0,0,0,0,"735465,992100000030000","5691975,270300000000000",12.380146486000058,51.330237529000044,0,0,0,Mitte
165466,14,7,13,000,2018,01,07,2,3,5,3,2,0,1,0,1,0,0,0,"741931,726799999950000","5691566,807099999900000",12.472505191000039,51.32385838600004,2,2,2,Ost
165468,14,7,13,000,2018,01,16,2,3,3,2,1,1,1,0,0,0,0,0,"736715,162800000050000","5689263,463299999900000",12.396244749000061,51.305377383000064,4,4,4,Süd
165473,14,7,13,000,2018,01,07,2,3,5,2,0,1,1,0,0,0,0,0,"732642,259100000020000","5690708,462700000000000",12.338858995000066,51.32002763100007,5,5,5,Südwest
165476,14,7,13,000,2018,01,15,2,3,1,5,0,1,1,0,0,0,0,0,"734728,123499999990000","5690175,784300000400000",12.368389233000073,51.31438949500006,4,4,4,Süd
165492,14,7,13,000,2018,01,00,1,3,2,6,2,0,1,0,0,0,0,0,"734653,754900000060000","5693281,901800000100000",12.369369057000029,51.34230204600004,0,0,0,Mitte
165495,14,7,13,000,2018,01,19,1,3,5,3,2,0,1,0,0,0,0,0,"729936,054000000000000","5693199,263000000300000",12.301696712000023,51.343487647000075,7,7,7,Alt-West
165500,14,7,13,000,2018,01,03,1,2,6,4,2,0,1,1,0,0,0,1,"736941,979199999940000","5690489,165799999600000",12.400306862000036,51.31628515800003,0,0,0,Mitte
165503,14,7,13,000,2018,01,11,1,2,5,3,0,0,1,0,0,0,0,1,"735602,394100000030000","5697095,342500000300000",12.385490362000041,51.376140157000066,9,9,9,Nord
165507,14,7,13,000,2018,01,18,7,3,2,6,2,0,1,0,0,0,0,0,"731176,210700000050000","5690681,998800000200000",12.317839240000069,51.32038755100007,5,5,5,Südwest
165509,14,7,13,000,2018,01,18,7,3,5,3,2,0,1,0,0,0,0,0,"735116,943199999980000","5693979,542700000100000",12.376468221000039,51.34837297000007,0,0,0,Mitte
165519,14,7,13,000,2018,01,13,6,3,6,7,0,0,1,1,0,0,0,1,"736042,552900000010000","5692252,998100000400000",12.388591543000075,51.33249153200006,0,0,0,Mitte
165522,14,7,13,000,2018,01,07,6,3,5,3,0,1,0,0,0,1,0,0,"734653,275600000050000","5693209,865500000300000",12.36931472200007,51.341655616000025,0,0,0,Mitte
165543,14,7,13,000,2018,01,21,5,3,3,6,2,1,0,0,0,0,0,0,"734059,631900000040000","5690728,141300000300000",12.359176495000042,51.31962305500008,4,4,4,Süd
165545,14,7,13,000,2018,01,16,5,3,5,2,2,1,1,0,0,0,0,1,"740902,273000000040000","5696371,433000000200000",12.461008893000042,51.36741940600007,2,2,2,Ost
165547,14,7,13,000,2018,01,15,5,3,6,4,0,0,1,1,0,0,0,1,"730767,352100000020000","5693695,272199999500000",12.313933569000028,51.347603485000036,7,7,7,Alt-West
165551,14,7,13,000,2018,01,16,5,3,6,4,2,0,1,1,0,0,0,0,"735415,445500000030000","5690313,171600000000000",12.378324725000027,51.31533886400007,4,4,4,Süd
165579,14,7,13,000,2018,01,07,4,3,5,2,2,1,1,0,0,0,0,1,"735018,728899999990000","5692401,164699999600000",12.374018828000032,51.334245485000054,0,0,0,Mitte
165584,14,7,13,000,2018,01,07,4,2,6,2,1,0,1,1,0,0,0,1,"734635,528799999970000","5695386,329400000200000",12.370495134000066,51.36119973700005,9,9,9,Nord
165585,14,7,13,000,2018,01,15,4,3,1,6,0,0,1,0,0,0,0,1,"739760,856499999990000","5688234,207299999900000",12.43916727900006,51.29486456200004,3,3,3,Südost
165605,14,7,13,000,2018,01,06,3,3,5,3,2,1,1,0,0,0,0,1,"735177,499300000020000","5689047,424200000200000",12.374082118000047,51.30407536300004,4,4,4,Süd
165607,14,7,13,000,2018,01,08,3,3,4,1,0,0,1,0,0,0,0,1,"736180,515299999970000","5694449,866600000300000",12.392025361000037,51.35215381300003,1,1,1,Nordost
165617,14,7,13,000,2018,01,16,2,3,0,7,0,0,0,0,1,0,0,1,"735405,224799999970000","5692335,118200000400000",12.379513520000046,51.33349279400005,0,0,0,Mitte
165618,14,7,13,000,2018,01,23,2,2,5,2,2,1,1,0,0,0,0,1,"739050,927400000040000","5694927,862900000100000",12.433492299000022,51.355244292000066,1,1,1,Nordost
165619,14,7,13,000,2018,01,06,2,2,5,2,2,0,1,0,0,0,0,1,"733821,803700000050000","5692555,790400000300000",12.356968539000036,51.336126817000036,0,0,0,Mitte
165620,14,7,13,000,2018,01,17,2,3,5,3,2,1,1,0,0,0,0,1,"735295,430199999940000","5695975,811200000300000",12.38034676600006,51.36621821300008,9,9,9,Nord
165629,14,7,13,000,2018,02,05,1,2,0,1,2,1,0,0,0,0,0,1,"733466,324600000050000","5692218,723799999800000",12.351653444000021,51.333247150000034,0,0,0,Mitte
165632,14,7,13,000,2018,01,06,1,3,8,1,2,1,1,0,0,0,0,1,"735058,999900000050000","5690455,118599999700000",12.373312634000058,51.31676036400006,4,4,4,Süd
165635,14,7,13,000,2018,01,11,1,3,5,3,0,0,1,0,0,0,0,0,"731774,665099999980000","5691017,508999999600000",12.326630842000043,51.32315592900005,5,5,5,Südwest
165642,14,7,13,000,2018,02,07,7,3,8,1,1,0,1,0,0,0,0,0,"741464,261100000000000","5693990,860500000400000",12.467451610000069,51.34581408000008,2,2,2,Ost
165644,14,7,13,000,2018,02,09,7,3,5,3,0,1,1,0,0,0,0,0,"734404,895999999950000","5692968,703999999900000",12.365596202000063,51.33959328900005,0,0,0,Mitte
165645,14,7,13,000,2018,01,03,7,3,0,1,2,1,0,0,0,0,0,1,"736919,524800000010000","5693160,106100000400000",12.401760719000038,51.34026924300008,2,2,2,Ost
165646,14,7,13,000,2018,02,15,7,3,5,3,0,0,1,0,0,0,0,1,"731735,063700000060000","5690587,516400000100000",12.32578400400007,51.319312084000046,5,5,5,Südwest
165647,14,7,13,000,2018,01,08,7,3,5,3,0,0,1,0,0,0,0,1,"737561,554000000000000","5692607,672000000300000",12.410593234000032,51.33504272000005,2,2,2,Ost
165652,14,7,13,000,2018,02,15,6,3,3,6,0,1,1,0,0,0,0,0,"730739,470500000050000","5693713,230499999600000",12.31354553400007,51.347776012000054,7,7,7,Alt-West
165655,14,7,13,000,2018,02,12,6,3,6,2,0,1,0,1,0,0,0,1,"733087,783000000050000","5691592,137099999900000",12.345819199000061,51.32777775800008,5,5,5,Südwest
165657,14,7,13,000,2018,01,07,6,2,5,3,1,1,1,0,0,0,0,0,"736685,411100000030000","5693032,069899999500000",12.398320513000044,51.33921746400006,3,3,3,Südost
165658,14,7,13,000,2018,02,07,6,3,6,4,0,0,1,1,0,0,0,0,"735970,611500000000000","5690947,407700000300000",12.386696374000053,51.320802048000076,0,0,0,Mitte
165659,14,7,13,000,2018,01,22,6,2,6,4,2,0,1,1,0,0,0,0,"730113,208100000050000","5693166,944199999800000",12.304215077000038,51.343125850000035,7,7,7,Alt-West
165660,14,7,13,000,2018,02,22,6,3,4,2,2,0,1,0,0,0,0,0,"736220,115100000050000","5692528,270600000400000",12.391318310000031,51.33488872600003,0,0,0,Mitte
165661,14,7,13,000,2018,02,08,6,2,8,1,0,0,1,0,0,0,0,2,"745560,603200000010000","5693199,487700000400000",12.525611285000025,51.33695712300005,2,2,2,Ost
165662,14,7,13,000,2018,02,15,6,3,5,3,0,0,1,0,0,0,0,0,"737426,951800000040000","5693235,540000000000000",12.40908296200007,51.34073470200008,2,2,2,Ost
165676,14,7,13,000,2018,02,18,5,3,5,3,2,1,1,0,0,0,0,0,"737346,179600000030000","5692916,837100000100000",12.407713030000025,51.337907725000036,3,3,3,Südost
165678,14,7,13,000,2018,02,06,5,3,5,3,1,1,0,0,0,0,1,1,"737271,548100000010000","5694405,830500000200000",12.407635734000053,51.35130415800006,1,1,1,Nordost
165683,14,7,13,000,2018,02,15,5,3,5,3,0,1,1,0,0,0,0,0,"737133,858000000010000","5692342,894999999600000",12.404288364000024,51.332844539000064,3,3,3,Südost
165685,14,7,13,000,2018,02,15,5,2,5,3,0,1,1,0,0,0,0,0,"735559,799299999960000","5692149,144500000400000",12.38160552100004,51.33175944000004,0,0,0,Mitte
165687,14,7,13,000,2018,02,08,5,3,5,3,0,0,1,0,0,0,1,1,"737195,350400000000000","5691164,132600000100000",12.404385024000021,51.32223820400003,3,3,3,Südost
165700,14,7,13,000,2018,01,07,4,3,0,7,0,1,0,0,0,0,0,0,"734769,959799999950000","5695541,121799999800000",12.372524780000049,51.36253368100006,9,9,9,Nord
165705,14,7,13,000,2018,01,08,4,3,9,7,0,0,1,0,0,0,0,0,"736137,445399999970000","5699430,876199999800000",12.39471690800002,51.39688195900004,9,9,9,Nord
165706,14,7,13,000,2018,01,15,4,3,5,3,0,0,1,0,0,0,1,0,"738457,500000000000000","5689670,173999999600000",12.42146685800003,51.30830095600004,3,3,3,Südost
165708,14,7,13,000,2018,01,18,4,3,6,7,0,0,1,1,0,0,0,0,"737113,119700000040000","5695083,321399999800000",12.405816142000049,51.357451464000064,1,1,1,Nordost
165716,14,7,13,000,2018,01,07,4,2,5,3,1,0,1,0,0,0,0,1,"735009,588299999940000","5691988,499900000200000",12.373615676000043,51.33054502300007,0,0,0,Mitte
165718,14,7,13,000,2018,01,16,4,2,4,6,2,1,0,0,0,0,0,1,"732472,877199999990000","5690593,473600000100000",12.336357501000066,51.319064626000056,5,5,5,Südwest
165719,14,7,13,000,2018,01,23,4,3,5,3,2,1,1,0,0,0,0,0,"737962,694900000000000","5693733,638899999700000",12.417093574000035,51.34498167700008,2,2,2,Ost
165731,14,7,13,000,2018,01,16,3,3,6,4,1,1,0,1,0,0,0,0,"737290,430199999940000","5692936,533400000100000",12.40692724400003,51.338107785000034,3,3,3,Südost
165733,14,7,13,000,2018,01,18,3,3,3,2,2,1,1,0,0,0,0,0,"738162,203600000010000","5689967,288300000100000",12.417436269000063,51.311091471000054,3,3,3,Südost
165750,14,7,13,000,2018,01,10,2,2,6,7,0,0,0,1,0,0,1,0,"740776,785999999960000","5695209,028099999800000",12.45842276600007,51.35703938800003,2,2,2,Ost
165751,14,7,13,000,2018,01,13,3,3,4,2,0,1,1,0,0,0,0,1,"737184,428900000060000","5693758,346199999600000",12.405955534000043,51.34552865900008,2,2,2,Ost
165753,14,7,13,000,2018,01,19,3,3,5,2,2,0,1,0,0,0,0,1,"730843,413599999970000","5693893,642900000300000",12.315152523000052,51.34935335800003,7,7,7,Alt-West
165757,14,7,13,000,2018,01,10,1,3,5,3,0,1,1,0,0,0,0,0,"740108,059000000010000","5687875,427000000100000",12.44389674200005,51.291497965000076,3,3,3,Südost
165758,14,7,13,000,2018,01,09,3,3,2,6,0,0,1,0,0,0,0,1,"736009,287099999960000","5699799,355600000400000",12.393122965000032,51.40024278200008,9,9,9,Nord
165759,14,7,13,000,2018,01,11,7,3,3,6,0,1,1,0,0,0,0,1,"732638,038700000030000","5692645,576200000000000",12.340062998000064,51.33741825800007,7,7,7,Alt-West
165760,14,7,13,000,2018,01,07,3,3,4,2,2,0,1,0,0,0,0,1,"729831,418100000010000","5694458,764499999600000",12.301010095000038,51.35483653600005,7,7,7,Alt-West
165761,14,7,13,000,2018,01,15,3,3,4,2,0,1,1,0,0,0,0,1,"736034,285500000000000","5692563,599100000200000",12.388678845000072,51.33528299400007,0,0,0,Mitte
165762,14,7,13,000,2018,01,14,7,3,1,5,0,0,1,0,0,0,1,1,"732528,358800000050000","5696264,179999999700000",12.340855504000046,51.36994611700004,8,8,8,Nordwest
165764,14,7,13,000,2018,01,14,7,3,2,6,0,0,1,0,0,0,0,0,"737050,038500000020000","5691570,110200000000000",12.402573314000051,51.32594286800003,3,3,3,Südost
165776,14,7,13,000,2018,01,06,6,3,6,4,2,0,1,1,0,0,0,1,"734368,290200000050000","5692928,204300000300000",12.36504493800004,51.339244834000056,0,0,0,Mitte
165779,14,7,13,000,2018,01,17,6,3,5,3,2,0,1,0,0,0,0,0,"735117,404199999990000","5693979,749900000200000",12.376474966000046,51.34837464000003,0,0,0,Mitte
165781,14,7,13,000,2018,01,19,6,2,5,3,2,1,1,0,0,0,0,1,"731812,185999999990000","5691274,892900000300000",12.327335770000047,51.32545113400005,5,5,5,Südwest
165782,14,7,13,000,2018,01,17,6,3,6,4,2,0,1,1,0,0,0,1,"735064,646500000030000","5690256,877399999600000",12.373262862000047,51.31497853700006,4,4,4,Süd
165790,14,7,13,000,2018,01,09,2,3,5,3,0,1,1,0,0,0,0,0,"735745,907000000010000","5693380,639999999700000",12.385087203000069,51.34273658400008,0,0,0,Mitte
165791,14,7,13,000,2018,01,15,2,3,5,3,0,0,1,0,0,0,0,0,"734765,728899999990000","5694909,711600000000000",12.372047451000071,51.35686766500004,9,9,9,Nord
165793,14,7,13,000,2018,01,22,2,2,8,1,2,1,0,0,0,0,0,1,"738842,566800000030000","5691681,895499999600000",12.428328585000031,51.326196561000074,3,3,3,Südost
165795,14,7,13,000,2018,01,11,2,3,1,6,0,1,1,0,0,0,0,0,"734959,283999999990000","5692668,798999999600000",12.373343512000076,51.336672434000036,0,0,0,Mitte
165798,14,7,13,000,2018,01,10,2,3,5,3,0,0,1,0,0,0,0,0,"734530,080800000000000","5694944,669499999800000",12.368692056000043,51.357278758000064,9,9,9,Nord
165800,14,7,13,000,2018,01,18,2,3,5,3,2,1,1,0,0,0,0,0,"734826,222700000040000","5694105,342100000000000",12.372383996000053,51.34962235800003,0,0,0,Mitte
165802,14,7,13,000,2018,01,13,2,2,5,2,0,0,1,0,0,0,0,0,"735197,720699999950000","5694038,054100000300000",12.377664745000061,51.34886477300006,0,0,0,Mitte
165806,14,7,13,000,2018,01,11,5,3,2,6,0,0,1,0,0,0,0,0,"737177,778799999970000","5695869,106700000400000",12.407267018000027,51.364477718000046,1,1,1,Nordost
165808,14,7,13,000,2018,01,18,5,3,5,2,2,1,1,0,0,0,0,1,"734783,719999999970000","5692497,245299999600000",12.370714538000072,51.335205004000045,0,0,0,Mitte
165810,14,7,13,000,2018,01,16,5,2,5,3,0,1,1,0,0,0,0,1,"732793,094000000040000","5691584,454199999600000",12.341591845000039,51.327829457000064,5,5,5,Südwest
165812,14,7,13,000,2018,01,16,5,3,1,5,0,1,1,0,0,0,0,1,"733940,944699999990000","5693363,141599999700000",12.359206174000064,51.343325019000076,0,0,0,Mitte
165826,14,7,13,000,2018,01,20,4,3,5,7,2,1,0,0,0,0,0,0,"732689,489799999980000","5692689,022300000300000",12.340828731000045,51.337787210000045,7,7,7,Alt-West
165827,14,7,13,000,2018,01,12,4,3,2,7,0,0,1,0,0,0,0,0,"734062,778700000020000","5690875,534300000400000",12.35931832700004,51.32094484000004,4,4,4,Süd
165829,14,7,13,000,2018,01,06,4,3,5,2,2,0,1,0,0,0,0,1,"733701,948399999990000","5697347,459499999900000",12.358398271000056,51.379188516000056,9,9,9,Nord
165830,14,7,13,000,2018,01,09,4,3,2,6,0,0,1,0,0,1,0,0,"735611,981200000040000","5691971,739000000100000",12.382235927000067,51.33014538100008,0,0,0,Mitte
165831,14,7,13,000,2018,01,05,1,2,5,3,2,1,1,0,0,0,0,0,"733821,729300000010000","5692555,889299999900000",12.356967538000049,51.33612773600004,0,0,0,Mitte
165832,14,7,13,000,2018,01,11,4,3,5,3,0,0,1,0,0,0,0,0,"730242,140299999970000","5696749,561599999700000",12.30838168300005,51.37523464600008,8,8,8,Nordwest
165835,14,7,13,000,2018,01,21,4,3,5,2,2,1,1,0,0,0,0,0,"734295,216000000010000","5690911,202999999700000",12.362671591000037,51.321169362000035,4,4,4,Süd
165848,14,7,13,000,2018,01,15,6,2,6,4,0,0,1,1,0,0,0,1,"731776,431600000010000","5690179,239099999900000",12.326111281000067,51.31563019400005,5,5,5,Südwest
165849,14,7,13,000,2018,01,19,6,3,5,3,2,0,1,0,0,0,0,0,"733107,362599999990000","5694138,930200000300000",12.347766526000044,51.35063133700004,0,0,0,Mitte
165851,14,7,13,000,2018,01,16,6,3,6,4,1,0,1,1,0,0,0,1,"735289,158999999990000","5690559,656999999700000",12.37667844400005,51.31760363300003,4,4,4,Süd
165853,14,7,13,000,2018,01,05,6,3,6,4,2,0,1,1,0,0,0,1,"739406,841699999990000","5689491,519999999600000",12.434942246000048,51.30629894900005,3,3,3,Südost
165872,14,7,13,000,2018,03,13,3,3,0,1,0,0,0,0,1,0,0,1,"736978,360100000050000","5692370,236100000300000",12.402078450000033,51.33315476300004,3,3,3,Südost
165874,14,7,13,000,2018,03,09,3,3,2,6,0,0,1,0,0,0,0,1,"734787,820100000010000","5692485,797899999700000",12.370765749000043,51.335100555000054,0,0,0,Mitte
165877,14,7,13,000,2018,03,07,3,3,2,2,0,0,1,0,0,0,0,0,"735047,711000000010000","5691280,065999999600000",12.373694734000026,51.32417009100004,4,4,4,Süd
165878,14,7,13,000,2018,02,11,6,3,2,6,0,0,1,0,0,0,0,0,"735099,407000000010000","5694213,001500000200000",12.376371043000063,51.35047582800007,0,0,0,Mitte
165880,14,7,13,000,2018,03,06,3,3,5,3,0,0,1,0,0,0,0,0,"730450,010800000050000","5693657,757399999500000",12.309360274000028,51.34739544800004,7,7,7,Alt-West
165881,14,7,13,000,2018,02,09,6,3,2,6,0,0,1,0,0,0,0,0,"732544,788500000020000","5691993,785899999600000",12.338301182000066,51.33160546600004,5,5,5,Südwest
165882,14,7,13,000,2018,03,19,3,2,6,4,2,0,1,1,0,0,0,2,"737599,785700000010000","5692079,494300000400000",12.410788872000069,51.330285805000074,3,3,3,Südost
165884,14,7,13,000,2018,02,09,6,3,5,3,0,1,1,0,0,0,0,0,"735009,341999999950000","5692126,118999999900000",12.373702906000062,51.331780448000075,0,0,0,Mitte
165885,14,7,13,000,2018,02,07,6,2,5,3,0,0,1,0,0,0,1,1,"736571,656500000040000","5697169,564199999900000",12.399441312000022,51.376403451000044,1,1,1,Nordost
165886,14,7,13,000,2018,02,08,6,3,2,6,0,0,1,0,0,0,0,1,"729355,981200000040000","5694885,519299999800000",12.294468734000077,51.35885961100007,7,7,7,Alt-West
165888,14,7,13,000,2018,02,03,6,3,5,3,2,1,1,0,0,0,0,0,"732740,895400000040000","5692085,401700000300000",12.341171102000033,51.33234766500004,7,7,7,Alt-West
165889,14,7,13,000,2018,02,11,6,3,5,3,0,0,1,0,0,0,0,0,"736570,882300000060000","5697169,646099999500000",12.399430263000056,51.376404509000054,1,1,1,Nordost
165891,14,7,13,000,2018,02,12,6,2,0,1,0,0,0,0,1,0,0,1,"736402,489999999990000","5697184,475999999800000",12.397024965000071,51.37660774400007,1,1,1,Nordost
165918,14,7,13,000,2018,02,15,5,3,0,5,0,1,0,0,0,1,0,0,"735767,210800000000000","5693015,995400000400000",12.385151138000026,51.33945460400008,0,0,0,Mitte
165919,14,7,13,000,2018,03,09,2,3,3,2,0,1,0,0,0,0,1,1,"735275,299099999950000","5690883,758899999800000",12.376693746000058,51.320518625000034,4,4,4,Süd
165920,14,7,13,000,2018,02,09,5,3,5,3,0,1,1,0,0,0,0,1,"731427,494900000050000","5693125,028800000400000",12.323025811000036,51.34221614900008,7,7,7,Alt-West
165921,14,7,13,000,2018,02,11,5,3,5,3,0,0,1,0,0,0,0,0,"739758,919100000060000","5688233,018199999800000",12.439138744000047,51.294854705000034,3,3,3,Südost
165922,14,7,13,000,2018,03,19,2,3,6,4,2,0,1,1,0,0,0,0,"734963,242399999990000","5696039,104899999700000",12.375625145000072,51.36692384200006,9,9,9,Nord
165923,14,7,13,000,2018,02,16,5,3,5,3,0,0,1,0,0,0,0,1,"731605,381799999970000","5688412,388899999700000",12.322514237000064,51.29983900900004,5,5,5,Südwest
165924,14,7,13,000,2018,03,10,2,2,3,5,0,1,1,0,0,0,0,0,"735010,241999999970000","5692001,894000000300000",12.373633876000042,51.330664984000066,0,0,0,Mitte
165925,14,7,13,000,2018,02,07,5,3,5,3,0,1,1,0,0,0,0,0,"737298,001700000020000","5695375,423100000200000",12.408661506000044,51.35999620700005,1,1,1,Nordost
165934,14,7,13,000,2018,02,10,4,3,2,6,0,0,1,0,0,1,0,0,"734623,593100000060000","5693234,275100000200000",12.368905393000034,51.34188697600007,0,0,0,Mitte
165936,14,7,13,000,2018,02,06,4,3,5,3,2,1,1,0,0,0,0,0,"731779,725499999940000","5691736,440000000400000",12.32717083500006,51.329607586000066,5,5,5,Südwest
165937,14,7,13,000,2018,02,15,4,3,4,2,0,0,1,0,0,0,0,0,"730287,874799999990000","5691316,762199999800000",12.305522706000033,51.32644604400008,7,7,7,Alt-West
165938,14,7,13,000,2018,03,08,1,3,5,3,0,0,1,0,0,0,0,0,"738042,735400000010000","5691161,706199999900000",12.41652246700005,51.32186255800008,3,3,3,Südost
165939,14,7,13,000,2018,02,15,4,3,0,7,0,1,0,0,0,0,0,0,"737865,792999999950000","5688001,884999999800000",12.41188137000006,51.293573808000076,4,4,4,Süd
165942,14,7,13,000,2018,03,08,7,3,3,2,0,1,1,0,0,0,0,0,"734771,060300000010000","5693979,297299999700000",12.371510143000023,51.34851371700006,0,0,0,Mitte
165943,14,7,13,000,2018,02,11,4,2,6,4,0,0,1,1,0,0,0,0,"735098,998999999950000","5692404,597000000100000",12.375171335000061,51.33424312000005,0,0,0,Mitte
165944,14,7,13,000,2018,03,10,7,2,5,3,0,0,1,0,0,0,0,0,"727382,785900000020000","5692106,607400000100000",12.26440053600004,51.334705349000046,6,6,6,West
165945,14,7,13,000,2018,02,06,4,3,5,3,1,0,1,0,0,0,0,1,"736522,617100000030000","5693234,160000000100000",12.396121737000044,51.34109919200006,2,2,2,Ost
165948,14,7,13,000,2018,02,20,4,2,6,4,2,0,1,1,0,0,0,0,"735105,535700000010000","5689463,133600000300000",12.373325454000053,51.30783667000003,4,4,4,Süd
165949,14,7,13,000,2018,03,15,6,3,3,2,0,0,1,0,0,0,1,0,"736704,789800000030000","5689657,466599999900000",12.39635756000007,51.30891835500006,4,4,4,Süd
165950,14,7,13,000,2018,02,15,4,3,5,3,0,0,1,0,0,0,0,0,"736122,155000000030000","5695096,213000000500000",12.391617636000035,51.357979786000044,9,9,9,Nord
165952,14,7,13,000,2018,03,16,6,3,4,2,0,0,1,0,0,0,1,0,"733784,911599999990000","5695671,448300000300000",12.358486156000026,51.36410971600003,9,9,9,Nord
165954,14,7,13,000,2018,03,03,6,3,1,1,2,0,1,0,0,0,0,0,"728309,237800000000000","5697331,419499999800000",12.281030462000047,51.38123842200008,8,8,8,Nordwest
165956,14,7,13,000,2018,03,13,6,3,5,3,0,0,1,0,0,0,0,0,"735739,102199999960000","5695365,243599999700000",12.38630412200007,51.36055369600007,9,9,9,Nord
165962,14,7,13,000,2018,02,07,3,3,3,7,0,0,1,0,0,0,1,0,"734381,997300000050000","5692678,309700000100000",12.36507694900007,51.33699601600006,0,0,0,Mitte
165964,14,7,13,000,2018,02,12,3,3,5,2,0,1,1,0,0,0,0,0,"735640,506999999980000","5692430,029500000200000",12.38294772100005,51.33424732000003,0,0,0,Mitte
165966,14,7,13,000,2018,02,09,3,3,5,3,0,0,1,0,0,0,0,1,"738035,536500000050000","5691371,999099999700000",12.416559746000075,51.323753159000034,3,3,3,Südost
165969,14,7,13,000,2018,03,07,5,3,5,2,0,1,1,0,0,0,0,0,"735097,456499999970000","5693970,888399999600000",12.376183183000023,51.34830334600008,0,0,0,Mitte
165971,14,7,13,000,2018,03,14,5,3,1,6,0,0,1,0,0,0,0,0,"729126,618699999990000","5700905,546199999700000",12.295063123000034,51.41299416500004,8,8,8,Nordwest
165982,14,7,13,000,2018,02,11,2,3,5,3,0,0,1,0,0,0,0,0,"727382,816400000010000","5692106,603099999900000",12.264400970000054,51.334705298000074,6,6,6,West
165984,14,7,13,000,2018,02,07,2,2,5,3,1,0,1,0,0,0,0,1,"732654,134100000020000","5691454,940499999600000",12.339516265000043,51.326723697000034,5,5,5,Südwest
165988,14,7,13,000,2018,02,17,4,3,6,2,1,0,1,1,0,0,0,0,"730634,361799999960000","5690091,017199999700000",12.309694365000041,51.31530218800003,5,5,5,Südwest
165989,14,7,13,000,2018,02,19,4,3,9,7,2,0,1,0,0,0,0,0,"735324,438800000000000","5689548,699199999700000",12.376516886000047,51.308514297000045,4,4,4,Süd
165991,14,7,13,000,2018,02,15,4,3,5,3,0,0,1,0,0,0,0,0,"736570,664200000000000","5697169,669099999600000",12.399427150000065,51.37640480600004,1,1,1,Nordost
165994,14,7,13,000,2018,02,21,4,3,5,3,2,0,1,0,1,0,0,0,"732384,529199999990000","5696306,377000000300000",12.338820379000026,51.37038376400005,8,8,8,Nordwest
165997,14,7,13,000,2018,02,18,4,2,6,4,2,0,1,1,0,0,0,0,"742801,680999999980000","5692979,342799999800000",12.48592945400003,51.33616581000007,2,2,2,Ost
166011,14,7,13,000,2018,02,10,3,3,0,7,0,0,0,0,0,0,1,0,"735860,042699999990000","5693478,323900000200000",12.386787710000021,51.34356608500008,0,0,0,Mitte
166012,14,7,13,000,2018,02,14,1,3,5,2,0,0,1,0,0,0,0,0,"736850,768200000050000","5693047,236999999700000",12.400700302000075,51.339284758000076,3,3,3,Südost
166013,14,7,13,000,2018,02,13,3,3,2,6,0,0,1,0,0,0,0,0,"737186,260299999970000","5693827,145899999900000",12.406027615000028,51.34614544500005,2,2,2,Ost
166014,14,7,13,000,2018,02,20,1,3,2,2,2,0,1,0,0,0,0,0,"730514,413999999990000","5690715,923999999600000",12.30838009300004,51.32096057700005,5,5,5,Südwest