OBJECTID_1,ULAND,UREGBEZ,UKREIS,UGEMEINDE,UJAHR,UMONAT,USTUNDE,UWOCHENTAG,UKATEGORIE,UART,UTYP1,ULICHTVERH,IstRad,IstPKW,IstFuss,IstKrad,IstGkfz,IstSonstig,STRZUSTAND,LINREFX,LINREFY,XGCSWGS84,YGCSWGS84,index_right,FID,SBZ,Name
166015,14,7,13,000,2018,02,13,3,3,5,3,0,0,1,0,0,0,0,0,"730005,739300000020000","5690099,229299999800000",12.300694768000028,51.31563030400008,6,6,6,West
166017,14,7,13,000,2018,02,07,3,3,5,3,0,1,1,0,0,0,0,0,"735411,370400000010000","5690458,625500000100000",12.378362361000029,51.31664619700007,4,4,4,Süd
166018,14,7,13,000,2018,02,06,3,3,5,3,1,0,1,0,0,0,0,0,"735183,766999999990000","5688966,151999999800000",12.374118320000036,51.30334324000006,4,4,4,Süd
166029,14,7,13,000,2018,02,12,6,3,3,7,0,1,1,0,0,0,0,0,"735441,617899999950000","5693208,794599999700000",12.380612461000055,51.34132012800006,0,0,0,Mitte
166030,14,7,13,000,2018,02,22,2,3,5,3,2,0,1,0,0,0,0,0,"735739,001999999980000","5695366,004900000100000",12.386303190000035,51.360560572000054,9,9,9,Nord
166031,14,7,13,000,2018,02,07,6,3,3,2,1,1,1,0,0,0,0,0,"733892,911399999980000","5693349,377100000200000",12.35850868500006,51.34322122300006,0,0,0,Mitte
166032,14,7,13,000,2018,02,11,2,3,6,4,0,0,1,1,0,0,0,0,"735013,463600000020000","5696243,748300000100000",12.376480557000036,51.36874001100006,9,9,9,Nord
166033,14,7,13,000,2018,02,20,6,3,6,6,2,0,0,1,0,1,0,0,"729388,114300000020000","5699259,800200000400000",12.297753026000066,51.39811466100008,8,8,8,Nordwest
166036,14,7,13,000,2018,02,07,6,3,5,3,1,1,0,0,0,0,0,1,"735768,508099999980000","5693208,053799999900000",12.385296867000022,51.34117803300006,0,0,0,Mitte
166038,14,7,13,000,2018,02,08,6,3,1,5,0,0,1,0,0,0,0,0,"731839,741999999970000","5690347,834699999500000",12.32712777100005,51.31711786300008,5,5,5,Südwest
166044,14,7,13,000,2018,02,13,1,3,2,6,0,0,1,0,0,0,0,0,"734805,704299999980000","5692635,577600000400000",12.371120749000056,51.336437655000054,0,0,0,Mitte
166047,14,7,13,000,2018,02,18,1,3,3,2,2,1,1,0,0,0,0,0,"732572,562200000040000","5692080,023299999500000",12.338755448000029,51.33236823900006,5,5,5,Südwest
166055,14,7,13,000,2018,02,23,5,2,6,7,2,0,0,1,0,0,1,0,"732515,591299999970000","5696239,274000000200000",12.340656114000069,51.36972777100004,8,8,8,Nordwest
166057,14,7,13,000,2018,02,14,5,3,1,6,0,0,1,0,0,0,0,0,"731176,971400000040000","5691921,635499999900000",12.318654113000036,51.331515343000035,7,7,7,Alt-West
166058,14,7,13,000,2018,02,12,5,3,5,3,0,0,1,0,0,0,0,0,"728633,392100000060000","5689337,340200000400000",12.280547352000042,51.30934359300005,6,6,6,West
166061,14,7,13,000,2018,02,12,6,3,2,6,0,0,1,0,0,0,0,0,"735291,360899999970000","5697932,095900000100000",12.381583383000077,51.38378000700004,9,9,9,Nord
166075,14,7,13,000,2018,02,17,4,3,2,6,2,0,1,0,0,0,0,0,"734158,108899999990000","5692196,508899999800000",12.361551810000037,51.33276336200004,0,0,0,Mitte
166077,14,7,13,000,2018,02,13,5,3,5,2,0,1,1,0,0,0,0,0,"731779,561800000020000","5691736,785500000200000",12.327168714000038,51.32961075400004,5,5,5,Südwest
166078,14,7,13,000,2018,02,11,4,3,5,3,0,1,1,0,0,0,0,0,"734175,766199999950000","5692175,268699999900000",12.36179086900006,51.332565430000045,0,0,0,Mitte
166080,14,7,13,000,2018,02,09,4,3,5,3,0,0,1,0,0,0,0,0,"731780,917800000050000","5691740,340099999700000",12.32719045600004,51.329642110000066,5,5,5,Südwest
166082,14,7,13,000,2018,02,08,4,3,5,2,0,0,1,0,0,0,0,0,"736858,436400000010000","5692706,529000000100000",12.40058364600003,51.33622332600004,3,3,3,Südost
166086,14,7,13,000,2018,02,16,4,3,5,2,0,1,0,0,0,0,1,0,"736676,446699999970000","5689792,699000000000000",12.396041352000054,51.31014401400006,4,4,4,Süd
166088,14,7,13,000,2018,02,09,4,3,5,3,0,0,1,0,0,0,0,0,"736065,020099999970000","5688534,470800000200000",12.386452286000065,51.29910365500007,4,4,4,Süd
166103,14,7,13,000,2018,02,09,3,3,4,2,0,0,1,0,0,0,0,2,"736510,637600000020000","5693464,853799999700000",12.396103263000043,51.34317492100007,0,0,0,Mitte
166105,14,7,13,000,2018,02,12,3,3,6,2,0,0,1,1,0,0,0,0,"731983,632400000000000","5692011,947100000500000",12.33027194500005,51.33199763600004,7,7,7,Alt-West
166106,14,7,13,000,2018,02,09,3,3,4,3,0,1,1,0,0,0,0,2,"730511,408399999960000","5689714,873100000400000",12.307690015000048,51.31197534800003,6,6,6,West
166108,14,7,13,000,2018,02,08,3,3,5,3,0,0,1,0,0,0,0,0,"740539,799099999950000","5693910,541400000500000",12.454147932000069,51.34548504500003,2,2,2,Ost
166111,14,7,13,000,2018,02,17,3,3,6,2,2,0,1,1,0,0,0,0,"735286,171199999980000","5690883,990799999800000",12.37684964600004,51.32051621200003,4,4,4,Süd
166112,14,7,13,000,2018,02,14,3,2,5,3,0,1,1,0,0,0,0,0,"734473,542299999970000","5692604,953900000100000",12.36634056400004,51.336299806000056,0,0,0,Mitte
166113,14,7,13,000,2018,02,05,3,3,5,2,2,1,1,0,0,0,0,0,"728561,158399999960000","5690491,358599999900000",12.280252229000041,51.31973253500007,6,6,6,West
166118,14,7,13,000,2018,02,11,3,3,5,3,0,1,1,0,0,0,0,0,"737903,555000000050000","5690206,331000000200000",12.413891358000058,51.31334528600007,3,3,3,Südost
166120,14,7,13,000,2018,02,11,3,3,6,7,0,0,0,1,0,1,0,0,"737944,467100000010000","5697717,454500000000000",12.419497276000072,51.38074774100005,1,1,1,Nordost
166122,14,7,13,000,2018,02,08,3,3,6,4,0,0,1,1,0,0,0,0,"734533,091800000050000","5695560,015900000000000",12.369140895000044,51.36280110400003,9,9,9,Nord
166124,14,7,13,000,2018,02,19,3,3,5,3,2,1,1,0,0,0,0,0,"738349,902699999980000","5692368,792100000200000",12.421729863000053,51.33256872000004,2,2,2,Ost
166125,14,7,13,000,2018,02,15,3,3,5,3,0,0,1,0,0,0,0,0,"734606,085599999990000","5692453,124200000400000",12.368139976000066,51.33488225600007,0,0,0,Mitte
166133,14,7,13,000,2018,02,08,2,3,2,6,0,0,1,0,0,0,0,0,"735424,221200000030000","5697693,632500000300000",12.383331253000051,51.38158443200007,9,9,9,Nord
166143,14,7,13,000,2018,02,15,2,3,2,2,0,0,1,0,0,0,0,0,"735747,406800000000000","5692868,898099999900000",12.384769967000068,51.338142428000026,0,0,0,Mitte
166144,14,7,13,000,2018,02,16,2,2,5,7,0,0,1,0,0,0,1,0,"727482,179499999970000","5689017,471599999800000",12.263854080000044,51.30693321000007,6,6,6,West
166148,14,7,13,000,2018,02,00,1,3,5,3,2,1,1,0,0,0,0,0,"735837,655799999950000","5693464,112300000200000",12.386457440000072,51.34344780500004,0,0,0,Mitte
166150,14,7,13,000,2018,03,08,2,3,5,3,0,1,1,0,0,0,0,2,"734410,455300000030000","5692648,204900000200000",12.365464960000054,51.33671405300004,0,0,0,Mitte
166151,14,7,13,000,2018,03,13,2,3,4,6,0,0,1,0,0,0,0,0,"732999,697000000040000","5690593,059600000300000",12.343904131000045,51.31884545100007,5,5,5,Südwest
166152,14,7,13,000,2018,03,15,2,3,2,6,0,0,1,0,0,0,1,0,"736838,376000000050000","5695879,790000000000000",12.402407552000057,51.36471519500003,1,1,1,Nordost
166161,14,7,13,000,2018,04,13,3,3,0,7,0,0,1,0,0,0,1,0,"736279,036500000050000","5691505,210699999700000",12.391484318000039,51.32568103800003,0,0,0,Mitte
166163,14,7,13,000,2018,04,06,3,2,5,3,0,0,1,0,0,0,0,1,"735263,246000000040000","5695216,878999999700000",12.379383293000046,51.359419150000065,0,0,0,Mitte
166164,14,7,13,000,2018,03,21,7,3,6,4,2,0,1,1,0,0,0,1,"735599,769600000000000","5693350,967600000100000",12.382973106000065,51.34253080800005,0,0,0,Mitte
166165,14,7,13,000,2018,03,21,7,3,5,3,2,0,1,0,0,0,0,2,"738086,196000000000000","5697557,152999999900000",12.421422758000062,51.37924948700004,1,1,1,Nordost
166166,14,7,13,000,2018,04,15,3,3,5,3,0,0,1,0,0,0,1,0,"738845,496000000040000","5689158,752000000300000",12.426680990000023,51.30354781700004,3,3,3,Südost
166182,14,7,13,000,2018,04,18,2,3,5,2,0,1,1,0,0,0,0,0,"732741,497199999980000","5692084,212200000000000",12.341178949000039,51.33233674100006,7,7,7,Alt-West
166184,14,7,13,000,2018,03,14,6,3,6,4,0,0,1,1,0,0,0,2,"733852,203600000010000","5697088,873900000000000",12.36038336100006,51.37680548000003,9,9,9,Nord
166185,14,7,13,000,2018,04,00,2,3,5,3,2,0,1,0,0,0,0,0,"735882,987500000050000","5692595,908900000200000",12.386532169000077,51.33563578500008,0,0,0,Mitte
166186,14,7,13,000,2018,03,13,6,3,2,2,0,0,1,0,0,0,1,1,"733607,055500000020000","5692989,109100000000000",12.354175266000027,51.34010477900006,0,0,0,Mitte
166189,14,7,13,000,2018,03,10,6,2,6,4,0,0,1,1,0,0,0,1,"737330,300500000010000","5696759,673499999600000",12.410048354000025,51.372407751000026,1,1,1,Nordost
166193,14,7,13,000,2018,04,14,1,3,5,3,0,1,1,0,0,0,0,0,"740840,191699999970000","5695044,522699999600000",12.459220377000065,51.35553599600007,2,2,2,Ost
166195,14,7,13,000,2018,03,10,7,3,5,2,0,0,1,0,0,0,0,1,"732979,557700000000000","5694174,633200000000000",12.345957789000067,51.35100422600004,0,0,0,Mitte
166197,14,7,13,000,2018,03,21,7,2,5,3,2,0,1,0,0,0,0,0,"737997,399699999950000","5695110,651399999900000",12.418511704000025,51.35732714000005,1,1,1,Nordost
166210,14,7,13,000,2018,03,17,5,3,3,7,2,1,1,0,0,0,0,0,"733645,292200000030000","5692102,571899999900000",12.354141823000077,51.33213101600006,0,0,0,Mitte
166211,14,7,13,000,2018,03,07,5,3,5,3,0,1,0,0,0,0,0,0,"735592,699299999980000","5693195,273699999800000",12.382768777000024,51.34113618400005,0,0,0,Mitte
166212,14,7,13,000,2018,03,14,5,2,6,2,0,0,1,1,0,0,0,0,"734291,648300000000000","5695628,090699999600000",12.365723754000044,51.363511783000035,9,9,9,Nord
166214,14,7,13,000,2018,03,13,5,3,5,3,0,0,1,0,0,0,0,0,"727242,717799999980000","5693206,256099999900000",12.263094774000024,51.344633301000044,7,7,7,Alt-West
166215,14,7,13,000,2018,03,19,6,3,5,6,0,0,1,0,0,0,0,0,"730848,483699999980000","5686160,472500000100000",12.310220172000072,51.27993083800004,5,5,5,Südwest
166216,14,7,13,000,2018,03,06,5,3,5,2,1,1,1,0,0,0,0,0,"740993,097799999990000","5696237,105899999800000",12.462220174000038,51.366175232000046,2,2,2,Ost
166231,14,7,13,000,2018,03,07,4,3,5,2,1,1,0,0,0,0,1,1,"736579,727700000050000","5691295,685800000100000",12.395653174000074,51.32367534600007,0,0,0,Mitte
166232,14,7,13,000,2018,03,18,5,3,5,2,0,1,1,0,0,0,0,0,"737189,828800000020000","5693962,583599999500000",12.406168991000072,51.34735965400006,2,2,2,Ost
166233,14,7,13,000,2018,03,19,5,3,5,2,0,0,1,0,0,0,1,1,"735900,492800000010000","5694577,680100000500000",12.388095949000046,51.35341738000005,9,9,9,Nord
166234,14,7,13,000,2018,03,17,4,3,2,6,1,1,1,0,0,0,0,0,"737374,983200000020000","5692664,781999999700000",12.407957839000062,51.33563324100004,3,3,3,Südost
166235,14,7,13,000,2018,03,16,5,2,6,4,0,0,1,1,0,0,0,0,"738071,376599999960000","5697359,734500000300000",12.421077954000054,51.37748369700006,1,1,1,Nordost
166236,14,7,13,000,2018,03,06,4,3,0,1,2,1,0,0,0,0,0,1,"735628,091400000030000","5696707,991000000400000",12.385602161000065,51.37265254700003,9,9,9,Nord
166252,14,7,13,000,2018,03,17,4,3,3,3,0,0,1,0,0,0,0,1,"737590,235800000020000","5693743,391900000200000",12.411761837000029,51.34522498900003,2,2,2,Ost
166255,14,7,13,000,2018,03,11,4,3,4,2,0,0,1,0,0,0,1,0,"735739,050900000030000","5695365,633000000400000",12.386303645000055,51.36055721300005,9,9,9,Nord
166256,14,7,13,000,2018,03,13,4,1,5,2,0,1,0,0,0,1,0,0,"738163,225800000010000","5689968,190700000200000",12.417451511000024,51.31109914400008,3,3,3,Südost
166266,14,7,13,000,2018,03,11,3,3,5,3,0,0,1,0,0,0,1,0,"736570,903900000030000","5697169,643799999700000",12.399430571000039,51.37640447900003,1,1,1,Nordost
166270,14,7,13,000,2018,03,16,3,3,5,3,0,0,1,0,0,0,0,1,"734888,283000000050000","5696053,410000000100000",12.374559687000044,51.36708324700004,9,9,9,Nord
166273,14,7,13,000,2018,03,19,3,3,6,4,2,0,1,1,0,0,0,1,"737891,145299999970000","5693854,574599999900000",12.416148899000063,51.346097135000036,2,2,2,Ost
166276,14,7,13,000,2018,03,10,3,3,8,7,0,0,1,0,0,0,0,0,"741892,083400000000000","5693997,054800000000000",12.473587279000071,51.345687817000055,2,2,2,Ost
166283,14,7,13,000,2018,03,15,3,2,6,4,0,0,0,1,0,0,1,1,"735270,973099999940000","5692261,580900000400000",12.377541221000058,51.33288824600004,0,0,0,Mitte
166284,14,7,13,000,2018,03,14,3,3,5,3,0,1,0,0,0,0,1,0,"734768,296600000000000","5693741,729500000400000",12.371313867000026,51.34638235800003,0,0,0,Mitte
166286,14,7,13,000,2018,03,09,3,3,4,2,0,0,1,0,0,0,1,0,"729396,131000000050000","5700941,512000000100000",12.298955335000073,51.413208084000075,8,8,8,Nordwest
166287,14,7,13,000,2018,03,16,3,3,5,3,0,0,1,0,0,0,0,0,"737091,835199999970000","5696333,230200000100000",12.40634413400005,51.368679576000034,1,1,1,Nordost
166289,14,7,13,000,2018,03,08,3,3,5,3,0,1,1,0,0,0,0,0,"732741,150299999980000","5692084,897800000400000",12.341174426000066,51.33234303800003,7,7,7,Alt-West
166291,14,7,13,000,2018,03,16,3,3,5,3,0,0,1,0,0,0,1,0,"731889,508599999940000","5692886,266599999700000",12.329492306000077,51.33988459900007,7,7,7,Alt-West
166292,14,7,13,000,2018,03,15,2,3,2,6,0,0,1,0,0,0,0,0,"735615,607100000020000","5693403,662600000400000",12.383234956000024,51.34299725000005,0,0,0,Mitte
166294,14,7,13,000,2018,03,12,2,3,2,2,0,0,1,0,0,0,1,1,"737377,031100000020000","5692669,391699999600000",12.407990256000062,51.335673763000045,3,3,3,Südost
166295,14,7,13,000,2018,03,20,2,3,4,7,2,0,1,0,1,0,0,1,"732281,192599999950000","5691770,320100000100000",12.33437834800003,51.32970717400008,5,5,5,Südwest
166296,14,7,13,000,2018,03,17,3,2,6,4,0,0,0,1,0,0,1,1,"737250,190100000010000","5692228,603000000100000",12.40587916000004,51.33177013300008,3,3,3,Südost
166298,14,7,13,000,2018,03,16,2,3,3,6,0,1,0,0,0,0,0,1,"734461,983600000040000","5690898,944000000100000",12.365052596000055,51.32099062900005,4,4,4,Süd
166301,14,7,13,000,2018,03,18,2,3,6,4,1,0,0,1,0,0,1,1,"734516,952300000000000","5693138,564199999900000",12.367313976000048,51.341071826000075,0,0,0,Mitte
166303,14,7,13,000,2018,03,20,2,3,1,7,2,0,1,0,0,0,0,1,"734309,877100000040000","5695772,359899999600000",12.366080177000072,51.36479928500006,9,9,9,Nord
166313,14,7,13,000,2018,03,07,2,3,0,5,0,1,1,0,0,0,0,0,"735555,176600000010000","5691528,709499999900000",12.38112921100003,51.32619213100003,0,0,0,Mitte
166328,14,7,13,000,2018,03,19,1,3,6,4,2,0,0,1,1,0,0,0,"739024,674699999970000","5688407,519100000200000",12.428743707000024,51.296729620000065,3,3,3,Südost
166329,14,7,13,000,2018,03,18,1,3,2,6,2,0,1,0,0,0,0,0,"734341,291300000040000","5696033,845499999800000",12.36670293800006,51.36713352800007,9,9,9,Nord
166330,14,7,13,000,2018,03,11,1,3,5,3,0,0,1,0,1,0,0,0,"739001,191800000030000","5695025,991800000000000",12.432845229000066,51.35614599500008,1,1,1,Nordost
166335,14,7,13,000,2018,03,15,1,3,1,4,0,0,1,1,0,0,0,0,"737580,952000000050000","5692698,192300000200000",12.410931560000051,51.33584713100004,2,2,2,Ost
166337,14,7,13,000,2018,03,14,1,3,3,2,0,1,1,0,0,0,0,0,"736179,856099999980000","5689665,742700000300000",12.388845185000037,51.30921066900004,4,4,4,Süd
166348,14,7,13,000,2018,03,09,7,3,5,3,0,0,1,0,0,0,0,0,"731898,391100000010000","5690505,709599999700000",12.328070581000077,51.318511183000055,5,5,5,Südwest
166350,14,7,13,000,2018,03,07,7,3,5,3,0,0,1,0,0,0,1,0,"738705,003799999950000","5691060,133299999900000",12.425941499000032,51.320673412000076,3,3,3,Südost
166357,14,7,13,000,2018,03,09,6,3,5,3,0,0,1,0,0,0,0,0,"734629,950599999980000","5691901,928799999900000",12.368119010000044,51.32992464000006,0,0,0,Mitte
166359,14,7,13,000,2018,03,09,6,3,6,4,0,0,1,1,0,0,0,0,"732050,537900000000000","5690702,609299999700000",12.330378280000048,51.32021669300008,5,5,5,Südwest
166362,14,7,13,000,2018,03,03,6,3,5,3,2,1,1,0,0,0,0,0,"734330,635800000050000","5692750,946200000100000",12.36438868700003,51.33766920100004,0,0,0,Mitte
166368,14,7,13,000,2018,03,19,6,3,2,6,2,0,1,0,0,0,0,0,"736704,339799999960000","5689569,160699999900000",12.396292535000043,51.30812588900005,4,4,4,Süd
166370,14,7,13,000,2018,03,16,6,3,6,7,0,0,0,1,0,0,1,0,"734857,521100000010000","5694208,163800000200000",12.372900482000034,51.35053239300004,0,0,0,Mitte
166373,14,7,13,000,2018,03,15,6,3,5,3,0,1,1,0,0,0,0,0,"738859,987899999950000","5694329,282300000100000",12.430353393000075,51.34995181600004,2,2,2,Ost
166375,14,7,13,000,2018,03,15,6,3,6,4,0,0,0,1,0,0,1,0,"740529,746700000020000","5689118,534500000100000",12.450770716000022,51.30247785500006,3,3,3,Südost
166389,14,7,13,000,2018,03,17,5,3,2,4,0,0,1,1,0,0,0,0,"735044,981999999960000","5692577,174800000200000",12.374511147000021,51.335814569000036,0,0,0,Mitte
166391,14,7,13,000,2018,03,10,5,2,6,4,0,0,0,1,0,0,1,1,"740912,983499999970000","5695185,101400000000000",12.460359023000024,51.35676691500004,2,2,2,Ost
166395,14,7,13,000,2018,03,08,5,3,5,3,0,0,1,0,0,0,0,1,"734991,260400000030000","5693930,609000000200000",12.374634377000064,51.347985692000066,0,0,0,Mitte
166396,14,7,13,000,2018,03,17,5,3,6,4,0,0,1,1,0,0,0,0,"731176,666500000050000","5691921,455199999700000",12.31864962700007,51.33151384800004,7,7,7,Alt-West
166398,14,7,13,000,2018,03,10,5,3,6,2,0,0,1,1,0,0,0,0,"731547,694000000020000","5692159,005099999700000",12.324120656000048,51.33349538200008,7,7,7,Alt-West
166399,14,7,13,000,2018,03,12,5,2,6,4,0,0,1,1,0,0,0,1,"737182,732599999990000","5693736,813600000000000",12.405916878000028,51.34533608800007,2,2,2,Ost
166403,14,7,13,000,2018,03,16,5,3,3,6,0,0,1,0,0,0,1,1,"737378,663700000030000","5692673,588399999800000",12.408016446000033,51.33571075200007,2,2,2,Ost
166413,14,7,13,000,2018,03,17,4,3,6,4,0,0,1,1,0,0,0,1,"736344,339099999980000","5692065,930200000300000",12.392791718000069,51.330687055000055,0,0,0,Mitte
166416,14,7,13,000,2018,03,07,4,3,6,7,0,0,0,1,0,0,1,2,"735105,580199999970000","5694854,185200000200000",12.376883105000047,51.35622874900008,0,0,0,Mitte
166417,14,7,13,000,2018,03,05,4,3,5,3,0,0,1,0,0,0,1,2,"730821,241000000040000","5696863,553000000300000",12.316761934000056,51.37602286100008,8,8,8,Nordwest
166418,14,7,13,000,2018,03,08,4,3,0,4,0,0,0,1,0,0,1,1,"738250,527000000000000","5696146,150899999800000",12.422834117000036,51.36651560400003,1,1,1,Nordost
166419,14,7,13,000,2018,03,07,4,3,5,2,0,0,1,0,0,0,1,2,"733784,844700000020000","5695670,935200000200000",12.358484859000043,51.36410513700008,9,9,9,Nord
166420,14,7,13,000,2018,03,15,4,3,0,6,0,1,1,0,0,0,0,0,"738602,740699999970000","5689266,165000000000000",12.423276699000041,51.304613731000074,3,3,3,Südost
166421,14,7,13,000,2018,03,07,4,3,6,4,0,0,1,1,0,0,0,1,"741087,722100000010000","5694698,170300000300000",12.462534095000024,51.35232235600006,2,2,2,Ost
166424,14,7,13,000,2018,03,16,4,3,5,2,0,0,1,0,0,0,1,0,"727483,060700000030000","5689017,779000000100000",12.26386689700007,51.30693561800007,6,6,6,West
166435,14,7,13,000,2018,04,17,3,3,5,3,0,1,1,0,0,0,0,0,"738855,400999999950000","5696260,281999999700000",12.431584000000043,51.36728603500006,1,1,1,Nordost
166444,14,7,13,000,2018,04,13,3,3,2,6,0,0,1,0,0,0,0,0,"734770,942700000010000","5693726,315700000200000",12.371341631000064,51.346242905000054,0,0,0,Mitte
166447,14,7,13,000,2018,04,15,6,3,5,3,0,1,1,0,0,0,0,0,"735924,062400000050000","5692736,041400000500000",12.387213572000064,51.33687661300007,0,0,0,Mitte
166449,14,7,13,000,2018,04,14,6,2,5,3,0,1,0,0,0,1,0,0,"729156,235499999950000","5699144,549300000100000",12.294350989000066,51.39717373900004,8,8,8,Nordwest
166455,14,7,13,000,2018,04,17,4,3,4,2,0,1,1,0,0,0,0,0,"735724,427799999950000","5689110,884499999700000",12.381956141000046,51.30441883600008,4,4,4,Süd
166459,14,7,13,000,2018,04,06,4,2,6,4,0,0,1,1,0,0,0,0,"737427,459000000030000","5693235,117900000000000",12.409089949000077,51.34073070100004,2,2,2,Ost
166460,14,7,13,000,2018,04,17,1,3,2,6,0,0,1,0,0,0,0,0,"737294,210300000040000","5693753,987200000300000",12.407526091000022,51.34544372300007,2,2,2,Ost
166462,14,7,13,000,2018,04,18,4,2,5,3,0,0,1,0,0,0,0,1,"735322,511599999970000","5692596,993700000500000",12.378501264000022,51.33587770500003,0,0,0,Mitte
166466,14,7,13,000,2018,04,16,2,2,0,1,0,1,0,0,0,0,0,1,"735743,739900000040000","5692787,867600000500000",12.384663791000037,51.337416596000025,0,0,0,Mitte
166472,14,7,13,000,2018,04,09,4,3,5,3,0,0,1,0,1,0,0,0,"731832,541899999950000","5691423,777200000400000",12.327724255000021,51.32677934700007,5,5,5,Südwest
166474,14,7,13,000,2018,04,15,2,3,5,3,0,0,1,0,0,0,0,1,"736117,959299999990000","5697142,710300000400000",12.392916312000068,51.37635122000006,9,9,9,Nord
166476,14,7,13,000,2018,04,07,6,3,5,3,0,1,1,0,0,0,0,0,"733112,460899999950000","5694139,615500000300000",12.347840059000077,51.350635398000065,0,0,0,Mitte
166481,14,7,13,000,2018,04,07,6,3,5,3,0,1,1,0,0,0,0,1,"731832,450900000050000","5691422,815100000200000",12.327722326000071,51.32677074800006,5,5,5,Südwest
166483,14,7,13,000,2018,04,17,6,3,5,2,0,1,1,0,0,0,0,0,"735153,829000000030000","5693738,792200000000000",12.376837924000029,51.346196657000064,0,0,0,Mitte
166485,14,7,13,000,2018,04,10,1,3,3,6,0,1,0,0,0,0,0,0,"745394,489100000010000","5693429,671699999800000",12.523389731000066,51.339094715000044,2,2,2,Ost
166496,14,7,13,000,2018,04,14,6,3,2,6,0,1,1,0,0,0,0,1,"733698,073800000010000","5695401,154500000200000",12.357063381000046,51.361719151000045,9,9,9,Nord
166505,14,7,13,000,2018,04,15,3,3,5,3,0,1,1,0,0,0,0,0,"735773,067999999970000","5693208,616000000400000",12.385362590000057,51.341181189000054,0,0,0,Mitte
166506,14,7,13,000,2018,04,20,3,3,3,6,1,1,1,0,0,0,0,0,"734906,692999999970000","5692381,220999999900000",12.372400240000047,51.33411274600007,0,0,0,Mitte
166507,14,7,13,000,2018,04,17,3,3,1,5,0,1,1,0,0,0,0,0,"733180,206099999950000","5691961,943599999900000",12.347385406000058,51.33105950100003,5,5,5,Südwest
166509,14,7,13,000,2018,04,13,3,3,6,6,0,0,1,1,0,0,0,0,"738193,279499999950000","5692426,955199999700000",12.419524576000072,51.333156399000075,2,2,2,Ost
166510,14,7,13,000,2018,04,10,1,3,5,3,0,1,1,0,0,0,0,0,"728017,337700000030000","5691015,445600000200000",12.272796321000044,51.32465560600008,6,6,6,West
166511,14,7,13,000,2018,04,19,7,3,3,5,0,1,1,0,0,0,0,0,"734077,037000000010000","5693185,992300000000000",12.36104030000007,51.341678829000045,0,0,0,Mitte
166512,14,7,13,000,2018,04,22,3,3,5,3,2,0,1,0,1,0,0,0,"729177,896900000050000","5699225,879800000200000",12.294714347000024,51.39789509600007,8,8,8,Nordwest
166513,14,7,13,000,2018,04,21,3,3,6,4,2,1,0,1,0,0,0,0,"734636,129199999970000","5696049,599100000200000",12.370941302000062,51.36715324000005,9,9,9,Nord
166514,14,7,13,000,2018,04,17,3,2,6,6,0,1,0,1,0,0,0,0,"734792,341800000050000","5692519,775600000300000",12.370852937000052,51.33540368600006,0,0,0,Mitte
166517,14,7,13,000,2018,04,06,2,3,2,6,0,0,1,0,0,0,0,1,"730803,849999999980000","5691705,382000000200000",12.313167338000028,51.32972557100004,7,7,7,Alt-West
166518,14,7,13,000,2018,04,08,3,3,2,6,0,0,1,0,0,1,0,0,"730585,682400000050000","5689654,323300000300000",12.30871475400005,51.31140170700007,5,5,5,Südwest
166521,14,7,13,000,2018,04,18,3,3,5,3,0,1,1,0,0,0,0,0,"734729,248499999990000","5691051,329599999800000",12.368981653000048,51.32224832400004,4,4,4,Süd
166525,14,7,13,000,2018,04,16,2,3,2,2,0,1,1,0,0,0,0,1,"737143,724799999970000","5694544,576999999600000",12.405895894000025,51.352602897000054,1,1,1,Nordost
166527,14,7,13,000,2018,04,07,6,3,5,3,0,1,1,0,0,0,0,0,"726799,084000000030000","5690815,864299999500000",12.25521378600007,51.32335081600007,6,6,6,West
166547,14,7,13,000,2018,04,01,1,2,3,6,2,1,1,0,0,0,0,0,"733262,791399999990000","5690592,180100000500000",12.34767245100005,51.318729774000076,5,5,5,Südwest
166552,14,7,13,000,2018,04,10,1,3,4,2,0,1,1,0,0,0,0,0,"740391,660999999960000","5693908,375500000100000",12.452023355000051,51.34552825900005,2,2,2,Ost
166553,14,7,13,000,2018,04,12,2,3,5,2,0,1,1,0,0,0,0,0,"735099,163500000020000","5693971,638600000200000",12.376208147000057,51.34830937400005,0,0,0,Mitte
166554,14,7,13,000,2018,04,09,2,3,3,7,0,1,1,0,0,0,0,0,"735163,074299999980000","5693396,830199999700000",12.376744595000048,51.34312326600008,0,0,0,Mitte
166555,14,7,13,000,2018,04,07,2,3,5,2,0,1,1,0,0,0,0,0,"736065,077999999980000","5688533,351300000200000",12.386452375000033,51.29909358200007,4,4,4,Süd
166556,14,7,13,000,2018,04,15,2,3,6,4,0,0,1,1,0,0,0,0,"734788,130200000010000","5696052,502399999600000",12.373122906000049,51.367116501000055,9,9,9,Nord