OBJECTID_1,ULAND,UREGBEZ,UKREIS,UGEMEINDE,UJAHR,UMONAT,USTUNDE,UWOCHENTAG,UKATEGORIE,UART,UTYP1,ULICHTVERH,IstRad,IstPKW,IstFuss,IstKrad,IstGkfz,IstSonstig,STRZUSTAND,LINREFX,LINREFY,XGCSWGS84,YGCSWGS84,index_right,FID,SBZ,Name
166557,14,7,13,000,2018,04,16,2,3,1,7,0,0,1,0,0,0,0,0,"734034,160700000010000","5696719,617200000200000",12.362750065000057,51.37341592000007,9,9,9,Nord
166561,14,7,13,000,2018,04,16,1,3,4,6,0,0,1,0,0,0,0,0,"742750,584999999960000","5694108,987999999900000",12.485967282000047,51.34632655100006,2,2,2,Ost
166562,14,7,13,000,2018,04,21,7,3,1,1,2,1,1,0,0,0,0,0,"738859,756900000040000","5694006,335199999600000",12.430133398000066,51.34705319300008,2,2,2,Ost
166576,14,7,13,000,2018,04,10,2,3,5,2,0,0,1,0,0,0,1,1,"735469,827000000050000","5697585,801000000000000",12.383913977000077,51.38059760200008,9,9,9,Nord
166580,14,7,13,000,2018,04,18,2,2,5,3,0,1,1,0,0,0,0,1,"735143,711000000010000","5689219,567599999700000",12.373711682000021,51.305634551000026,4,4,4,Süd
166589,14,7,13,000,2018,04,07,6,3,5,2,0,1,1,0,0,0,0,1,"735586,485400000010000","5692245,080799999600000",12.382051329000035,51.33260954200006,0,0,0,Mitte
166592,14,7,13,000,2018,04,01,1,2,0,1,2,1,0,0,0,0,0,0,"738298,837900000040000","5693606,191300000100000",12.42182598900007,51.34369692900003,2,2,2,Ost
166600,14,7,13,000,2018,04,08,5,3,4,6,0,1,1,0,0,0,0,0,"741207,604100000000000","5686786,914900000200000",12.458901977000039,51.28126332800008,3,3,3,Südost
166608,14,7,13,000,2018,04,18,7,3,5,3,0,1,1,0,0,0,0,0,"733630,047000000020000","5693483,255300000300000",12.35482895900003,51.344531059000076,0,0,0,Mitte
166609,14,7,13,000,2018,04,18,7,3,5,3,0,1,1,0,0,0,0,0,"736596,388000000040000","5691296,115299999700000",12.395892135000054,51.323672274000046,0,0,0,Mitte
166610,14,7,13,000,2018,04,18,7,2,6,4,0,0,1,1,0,0,0,0,"731364,241900000020000","5696702,381299999500000",12.324445529000059,51.37435510300003,8,8,8,Nordwest
166618,14,7,13,000,2018,04,17,1,3,5,3,0,0,1,0,0,0,0,0,"730507,323500000060000","5692022,635099999600000",12.309123577000037,51.332693782000035,7,7,7,Alt-West
166619,14,7,13,000,2018,04,23,7,3,6,4,2,0,0,1,1,0,0,0,"737034,342100000010000","5692986,310100000400000",12.403290518000063,51.338661383000044,2,2,2,Ost
166624,14,7,13,000,2018,04,10,5,3,5,3,0,1,1,0,0,0,0,0,"734639,792000000020000","5695408,140200000300000",12.370570647000022,51.36139375800008,9,9,9,Nord
166625,14,7,13,000,2018,04,10,2,3,3,6,0,0,1,0,0,0,1,1,"733013,131500000020000","5690595,901899999900000",12.344098442000075,51.318865465000044,5,5,5,Südwest
166631,14,7,13,000,2018,04,11,6,3,2,2,0,0,1,0,0,0,0,0,"736246,979700000030000","5694034,558500000300000",12.392702489000044,51.34839831100004,0,0,0,Mitte
166632,14,7,13,000,2018,04,05,6,2,5,3,2,1,1,0,0,0,0,0,"738137,428100000020000","5690523,942400000100000",12.417453057000046,51.31609837000008,3,3,3,Südost
166633,14,7,13,000,2018,04,06,6,3,5,3,0,1,1,0,0,0,0,0,"736737,460700000050000","5689062,354199999900000",12.396430662000057,51.303562913000064,4,4,4,Süd
166635,14,7,13,000,2018,04,05,2,3,6,7,2,0,1,1,0,0,0,1,"729177,618200000030000","5700567,908099999700000",12.295577086000037,51.40994258900008,8,8,8,Nordwest
166636,14,7,13,000,2018,04,10,6,3,5,3,0,0,1,0,0,0,0,0,"734811,704299999980000","5692506,227599999900000",12.371121474000063,51.33527408000003,0,0,0,Mitte
166637,14,7,13,000,2018,04,08,6,3,2,6,0,0,1,0,0,1,0,0,"735411,905099999970000","5690911,719100000300000",12.378669131000038,51.32071310900005,4,4,4,Süd
166646,14,7,13,000,2018,04,12,1,3,5,3,0,0,1,0,0,0,0,0,"734806,774899999960000","5692558,284599999900000",12.371085146000041,51.33574340000007,0,0,0,Mitte
166661,14,7,13,000,2018,04,08,5,3,5,3,0,1,0,0,0,1,0,0,"733842,368000000020000","5693189,927000000100000",12.357679559000076,51.34181070600005,0,0,0,Mitte
166662,14,7,13,000,2018,04,11,5,3,5,3,0,1,1,0,0,0,0,0,"730800,499700000040000","5691702,860500000400000",12.313117698000042,51.329704295000056,7,7,7,Alt-West
166663,14,7,13,000,2018,04,15,5,2,4,1,0,1,1,0,0,0,0,1,"736290,478699999980000","5692979,800800000300000",12.392626095000026,51.33891252500007,0,0,0,Mitte
166667,14,7,13,000,2018,04,18,1,3,3,2,0,1,1,0,0,0,0,0,"738546,984000000050000","5689486,051000000000000",12.422625259000029,51.30661078400004,3,3,3,Südost
166668,14,7,13,000,2018,04,15,7,2,5,3,0,0,1,0,1,0,0,0,"727208,779199999990000","5693565,103099999900000",12.26283728900006,51.34786836900008,7,7,7,Alt-West
166673,14,7,13,000,2018,04,19,2,3,0,7,0,0,1,0,0,0,1,1,"731109,380200000010000","5689269,781299999900000",12.315966804000027,51.307737306000035,5,5,5,Südwest
166679,14,7,13,000,2018,04,20,4,3,1,5,2,1,1,0,0,0,0,0,"734484,632899999970000","5693090,614900000400000",12.366819208000038,51.34065474100004,0,0,0,Mitte
166680,14,7,13,000,2018,04,16,3,3,1,2,0,1,1,0,0,0,0,0,"735403,115200000000000","5690910,049800000200000",12.378542110000069,51.320701761000066,4,4,4,Süd
166681,14,7,13,000,2018,04,11,2,3,2,6,0,0,1,0,0,0,0,1,"739912,419499999960000","5693965,568699999700000",12.44519335700005,51.346244039000055,2,2,2,Ost
166682,14,7,13,000,2018,04,18,4,3,5,3,0,0,1,0,0,0,1,0,"734639,463299999940000","5695393,717199999800000",12.37055642000007,51.36126442800003,9,9,9,Nord
166685,14,7,13,000,2018,04,16,3,3,0,1,0,1,1,0,0,0,0,0,"736693,905200000040000","5693778,054899999900000",12.39893806300006,51.34590999400007,2,2,2,Ost
166695,14,7,13,000,2018,04,15,4,3,5,3,0,1,1,0,0,0,0,1,"734912,544899999980000","5690879,657900000000000",12.371494444000064,51.320631682000055,4,4,4,Süd
166697,14,7,13,000,2018,04,18,4,3,2,6,0,0,1,0,0,0,0,1,"733246,720500000050000","5695837,711400000400000",12.350877914000023,51.365823386000045,8,8,8,Nordwest
166698,14,7,13,000,2018,04,11,4,3,5,3,0,0,1,0,0,0,1,0,"732551,283599999970000","5692615,097600000000000",12.338799799000071,51.33718014400006,7,7,7,Alt-West
166700,14,7,13,000,2018,04,08,4,3,2,2,0,0,1,0,0,0,0,0,"730763,305999999980000","5689513,671400000300000",12.31116796200007,51.31006709400003,5,5,5,Südwest
166701,14,7,13,000,2018,04,13,4,3,2,6,0,0,1,0,1,0,0,0,"739920,083300000060000","5693952,701899999800000",12.445294527000044,51.34612531700003,2,2,2,Ost
166703,14,7,13,000,2018,04,16,4,3,0,1,0,0,1,0,0,0,0,1,"739991,439000000010000","5691942,372000000400000",12.444962872000076,51.32805106700005,2,2,2,Ost
166707,14,7,13,000,2018,04,05,4,2,6,4,0,0,1,1,0,0,0,0,"741880,156399999980000","5694129,522300000300000",12.47350633600007,51.34688184400005,2,2,2,Ost
166709,14,7,13,000,2018,04,08,4,3,3,6,0,1,1,0,0,0,0,0,"734747,307500000000000","5690889,350800000100000",12.369133720000036,51.32078688000007,4,4,4,Süd
166715,14,7,13,000,2018,05,15,4,3,5,3,0,0,1,0,0,0,0,0,"731708,242800000010000","5692456,400200000000000",12.326614759000051,51.33609966100005,7,7,7,Alt-West
166719,14,7,13,000,2018,05,13,4,3,6,2,0,1,0,1,0,0,0,0,"735162,672000000020000","5693392,946300000000000",12.376736264000044,51.34308856900003,0,0,0,Mitte
166721,14,7,13,000,2018,04,11,2,3,3,7,0,1,1,0,0,0,0,0,"733938,516100000010000","5695614,020200000100000",12.360650946000021,51.363530989000026,9,9,9,Nord
166730,14,7,13,000,2018,04,17,3,3,5,2,0,1,1,0,0,0,0,1,"736313,449200000030000","5694358,865100000100000",12.393870544000038,51.351281716000074,0,0,0,Mitte
166731,14,7,13,000,2018,04,10,3,3,5,2,0,1,0,0,0,0,1,0,"734836,541100000030000","5692991,987300000200000",12.371797623000077,51.339624197000035,0,0,0,Mitte
166733,14,7,13,000,2018,04,12,3,3,3,6,0,1,0,0,0,0,0,0,"736966,412999999940000","5692698,301000000000000",12.402125463000061,51.33610449100007,3,3,3,Südost
166735,14,7,13,000,2018,04,15,3,3,5,7,0,1,1,0,0,0,0,1,"736700,436600000020000","5689349,434500000400000",12.39609088700007,51.30615520200007,4,4,4,Süd
166736,14,7,13,000,2018,04,11,3,3,2,2,0,0,1,0,0,0,0,0,"739924,333300000060000","5694462,083300000100000",12.445698734000075,51.35069557300005,2,2,2,Ost
166738,14,7,13,000,2018,04,08,3,2,5,3,0,1,1,0,0,0,0,0,"737441,097599999980000","5692998,188900000400000",12.409127460000036,51.33859832100006,2,2,2,Ost
166740,14,7,13,000,2018,04,14,1,3,2,6,0,0,1,0,0,0,0,0,"732796,571000000000000","5693277,412600000400000",12.342747931000076,51.343025166000075,7,7,7,Alt-West
166750,14,7,13,000,2018,05,22,3,3,8,1,2,0,1,0,0,0,0,0,"738273,449200000030000","5693602,663300000100000",12.421459760000062,51.34367590200003,2,2,2,Ost
166760,14,7,13,000,2018,04,14,2,3,6,4,0,0,1,1,0,0,0,0,"738205,970300000040000","5691147,755199999500000",12.418851510000025,51.32166902300003,3,3,3,Südost
166762,14,7,13,000,2018,04,10,7,3,5,3,0,1,1,0,0,0,0,0,"734398,184299999960000","5693548,230100000300000",12.365881458000047,51.34479814100007,0,0,0,Mitte
166763,14,7,13,000,2018,04,18,2,3,5,3,0,1,1,0,0,0,0,0,"734589,225600000010000","5699154,020200000100000",12.372318281000048,51.395038931000045,9,9,9,Nord
166767,14,7,13,000,2018,04,05,7,3,9,1,2,0,0,0,1,0,0,0,"734602,062000000030000","5692455,169400000000000",12.368083665000029,51.33490227400006,0,0,0,Mitte
166770,14,7,13,000,2018,04,13,7,3,4,2,0,0,1,0,1,0,0,0,"738806,572000000040000","5695756,860999999600000",12.430545813000037,51.362787954000055,1,1,1,Nordost
166772,14,7,13,000,2018,05,07,4,3,1,5,0,1,1,0,0,0,0,0,"735007,411899999950000","5691946,100800000100000",12.373556531000077,51.330165331000046,0,0,0,Mitte
166774,14,7,13,000,2018,04,17,2,3,6,4,0,1,0,1,0,0,0,0,"733836,141300000020000","5695092,339999999900000",12.358840071000031,51.35889028100007,9,9,9,Nord
166776,14,7,13,000,2018,04,23,7,3,3,6,2,1,1,0,0,0,0,0,"742467,939200000020000","5692783,681400000100000",12.48101422700006,51.33455205700005,2,2,2,Ost
166784,14,7,13,000,2018,04,14,1,3,1,5,0,1,1,0,0,0,0,0,"733676,706699999980000","5693495,383600000300000",12.355505699000048,51.34462075400006,0,0,0,Mitte
166785,14,7,13,000,2018,04,12,7,3,3,6,0,1,1,0,0,0,0,0,"731522,454799999950000","5696623,068099999800000",12.32666309900003,51.37357865400003,8,8,8,Nordwest
166787,14,7,13,000,2018,04,19,1,3,5,3,0,0,1,0,0,0,0,0,"731980,697300000000000","5690977,754900000100000",12.329556769000021,51.32271509900005,5,5,5,Südwest
166788,14,7,13,000,2018,05,11,3,3,1,5,0,1,1,0,0,0,0,0,"735394,476000000020000","5691337,056499999900000",12.378700282000068,51.32453829900004,4,4,4,Süd
166801,14,7,13,000,2018,04,16,7,3,5,3,0,0,1,0,0,0,0,0,"735708,285700000010000","5692652,175800000300000",12.384065932000055,51.33621328400005,0,0,0,Mitte
166802,14,7,13,000,2018,04,18,7,2,2,6,0,1,0,0,0,0,0,0,"736676,940100000010000","5687020,026399999900000",12.39421042400005,51.28525563000005,4,4,4,Süd
166804,14,7,13,000,2018,04,09,7,3,5,3,0,1,1,0,0,0,0,0,"739226,049600000030000","5697713,154500000200000",12.437876474000063,51.38017066700007,1,1,1,Nordost
166807,14,7,13,000,2018,04,09,7,2,4,2,0,0,1,0,1,0,0,0,"735058,210700000050000","5690896,593799999900000",12.373592334000023,51.32072355300005,4,4,4,Süd
166808,14,7,13,000,2018,05,07,4,2,0,1,0,0,0,0,1,0,0,0,"737203,991999999970000","5693374,820600000200000",12.405980447000047,51.34207794500003,2,2,2,Ost
166818,14,7,13,000,2018,04,19,6,3,5,3,0,1,1,0,0,0,0,0,"734543,023700000020000","5693795,408699999600000",12.368120275000024,51.346957187000044,0,0,0,Mitte
166820,14,7,13,000,2018,04,14,6,3,1,5,0,1,1,0,0,0,0,0,"736621,076400000020000","5693780,920300000300000",12.397896117000073,51.345966030000056,2,2,2,Ost
166821,14,7,13,000,2018,04,15,6,3,5,3,0,0,1,0,0,0,1,0,"735307,958899999970000","5689757,659300000400000",12.37641867800005,51.31039681800007,4,4,4,Süd
166823,14,7,13,000,2018,05,17,4,3,5,3,0,0,1,0,0,0,0,0,"735289,800200000060000","5690450,927799999700000",12.376615895000043,51.316627373000074,4,4,4,Süd
166824,14,7,13,000,2018,04,13,6,3,3,2,0,1,1,0,0,0,0,0,"736639,262400000010000","5689771,287499999600000",12.395494603000031,51.309967279000034,4,4,4,Süd
166825,14,7,13,000,2018,04,07,2,1,5,2,0,1,0,0,0,1,0,0,"735044,731499999990000","5692576,479199999900000",12.374507099000027,51.33580842900005,0,0,0,Mitte
166826,14,7,13,000,2018,04,13,6,3,2,2,0,0,1,0,0,0,1,0,"732173,150400000040000","5694005,986200000200000",12.334287586000073,51.34982028500008,7,7,7,Alt-West
166827,14,7,13,000,2018,04,10,2,2,1,3,0,1,1,0,0,0,0,0,"735492,079299999980000","5692784,591400000300000",12.381055195000044,51.33749145400003,0,0,0,Mitte
166828,14,7,13,000,2018,04,05,6,3,5,3,1,1,1,0,0,0,0,0,"727406,059000000010000","5690573,818300000400000",12.263756068000077,51.32093559900005,6,6,6,West
166830,14,7,13,000,2018,04,17,6,2,5,3,0,0,1,0,1,0,0,0,"738228,305199999940000","5695098,350700000300000",12.42181376600007,51.357119983000075,1,1,1,Nordost
166831,14,7,13,000,2018,04,14,6,3,5,3,0,1,1,0,0,0,0,0,"740880,479799999970000","5689946,332299999900000",12.45635145700004,51.30975962100007,3,3,3,Südost
166832,14,7,13,000,2018,04,08,6,3,1,6,0,1,0,0,0,0,1,0,"735758,283599999970000","5692904,736399999800000",12.384949560000052,51.338459614000044,0,0,0,Mitte
166833,14,7,13,000,2018,04,21,6,2,6,2,2,0,1,1,0,0,0,0,"732260,663799999980000","5691211,677699999900000",12.333720160000041,51.32470075700007,5,5,5,Südwest
166857,14,7,13,000,2018,05,15,3,3,6,6,0,1,0,1,0,0,0,0,"734934,348200000010000","5689408,642900000300000",12.370837921000032,51.30741820700007,4,4,4,Süd
166859,14,7,13,000,2018,04,18,5,3,5,2,0,1,1,0,0,0,0,0,"731973,912600000040000","5693978,770800000100000",12.331413750000024,51.34965732000006,7,7,7,Alt-West
166861,14,7,13,000,2018,04,08,5,3,6,2,0,0,1,1,0,0,0,0,"735236,697300000000000","5695193,364500000100000",12.378987104000032,51.35921906800007,0,0,0,Mitte
166865,14,7,13,000,2018,04,19,5,3,3,2,0,1,1,0,0,0,0,0,"735312,365400000010000","5689752,523000000000000",12.376478401000043,51.31034889100005,4,4,4,Süd
166868,14,7,13,000,2018,04,18,5,3,5,2,0,1,1,0,0,0,0,0,"735174,221999999950000","5693485,316999999800000",12.37696280700004,51.34391294200003,0,0,0,Mitte
166870,14,7,13,000,2018,04,16,5,3,6,4,0,0,1,1,0,0,0,0,"737895,915000000040000","5691402,859000000200000",12.414580152000042,51.32408855300008,3,3,3,Südost
166872,14,7,13,000,2018,04,14,5,3,3,2,0,1,1,0,0,0,0,0,"730162,580700000050000","5693304,597099999900000",12.305011732000025,51.344341575000044,7,7,7,Alt-West
166875,14,7,13,000,2018,04,16,5,2,5,7,0,1,1,0,0,0,0,0,"731317,368600000050000","5688578,728799999700000",12.318497751000052,51.30144930000006,5,5,5,Südwest
166876,14,7,13,000,2018,05,17,4,3,2,6,0,0,1,0,0,0,0,0,"735064,355699999960000","5695006,425800000300000",12.376392665000026,51.357612363000044,0,0,0,Mitte
166887,14,7,13,000,2018,04,18,5,3,6,4,0,0,1,1,0,0,0,0,"735446,352500000040000","5691696,817300000200000",12.379681127000026,51.32774617000007,0,0,0,Mitte
166893,14,7,13,000,2018,04,08,5,3,5,2,0,1,1,0,0,0,0,0,"730467,870200000000000","5691472,489000000100000",12.308202411000025,51.327771115000075,7,7,7,Alt-West
166895,14,7,13,000,2018,04,11,4,3,4,2,0,0,1,0,0,0,0,0,"734805,699400000040000","5692638,607800000300000",12.371122676000027,51.33646485700007,0,0,0,Mitte
166896,14,7,13,000,2018,05,17,3,3,4,2,0,1,1,0,0,0,0,0,"738331,881000000050000","5690885,571600000400000",12.420479944000022,51.31926294800007,3,3,3,Südost
166897,14,7,13,000,2018,04,16,4,3,2,2,0,0,1,0,0,0,0,0,"737956,635400000030000","5693923,638600000200000",12.417133708000051,51.34668964400004,2,2,2,Ost
166898,14,7,13,000,2018,04,14,4,3,3,5,0,1,0,0,0,1,0,0,"737055,600699999950000","5693763,469700000200000",12.404112486000031,51.34562837800007,2,2,2,Ost
166899,14,7,13,000,2018,04,19,5,3,3,6,0,0,1,0,0,0,0,0,"742793,429400000020000","5693460,824400000300000",12.486139399000024,51.34049078600003,2,2,2,Ost
166900,14,7,13,000,2018,04,13,4,3,2,6,0,0,1,0,0,0,0,0,"732328,681400000000000","5691359,614699999800000",12.334791085000063,51.32600098100005,5,5,5,Südwest
166901,14,7,13,000,2018,04,09,5,3,5,3,0,1,1,0,0,0,0,0,"735257,538300000010000","5689093,130900000200000",12.375258425000027,51.30445258000003,4,4,4,Süd
166902,14,7,13,000,2018,04,16,5,3,5,3,0,0,1,0,0,0,0,0,"740160,736999999960000","5687957,872299999900000",12.444706281000038,51.29221576900005,3,3,3,Südost
166903,14,7,13,000,2018,04,14,4,3,5,3,0,0,1,0,0,0,0,0,"735275,805999999980000","5691050,740000000200000",12.376811193000037,51.32201730100007,4,4,4,Süd
166904,14,7,13,000,2018,04,13,5,3,5,3,0,0,1,0,0,1,0,0,"734606,143900000020000","5692453,094499999700000",12.368140792000077,51.33488196500008,0,0,0,Mitte
166911,14,7,13,000,2018,04,08,5,3,4,2,0,0,1,0,1,0,0,0,"738362,828199999990000","5690896,447800000200000",12.420930511000051,51.31934761100007,3,3,3,Südost
166929,14,7,13,000,2018,05,18,4,3,5,3,0,1,1,0,0,0,0,0,"732551,831099999950000","5691358,035299999600000",12.337987261000023,51.32589563300007,5,5,5,Südwest
166931,14,7,13,000,2018,04,19,2,2,5,3,0,1,1,0,0,0,0,0,"730295,398000000040000","5693542,663999999900000",12.30706949100005,51.34642491300008,7,7,7,Alt-West
166934,14,7,13,000,2018,04,09,3,3,2,6,0,0,1,0,0,0,0,0,"738284,378400000050000","5693608,902599999700000",12.421620571000062,51.34372732500003,2,2,2,Ost
166935,14,7,13,000,2018,04,07,3,3,2,6,2,0,1,0,0,0,0,0,"740975,072799999970000","5696228,749499999900000",12.461956064000049,51.36610787500007,2,2,2,Ost
166937,14,7,13,000,2018,04,17,3,3,5,3,0,1,1,0,0,0,0,0,"736763,758299999990000","5689842,157300000100000",12.397324634000029,51.31055165400005,4,4,4,Süd
166939,14,7,13,000,2018,04,09,3,3,1,6,0,0,1,0,0,0,1,0,"737158,040200000050000","5694786,803500000400000",12.406262520000041,51.35477116200008,1,1,1,Nordost
166941,14,7,13,000,2018,04,17,3,3,6,4,0,0,1,1,0,0,0,0,"742262,076499999970000","5694026,512099999900000",12.47890994100004,51.34579467100008,2,2,2,Ost
166944,14,7,13,000,2018,04,12,3,2,6,4,0,0,0,1,0,0,1,0,"740913,751200000060000","5695187,461199999800000",12.46037162600004,51.35678777000004,2,2,2,Ost
166945,14,7,13,000,2018,04,21,3,3,5,3,2,1,1,0,0,0,0,0,"735113,890200000020000","5688741,989600000000000",12.37297002500003,51.30135991800006,4,4,4,Süd
166946,14,7,13,000,2018,05,18,3,3,5,3,0,1,1,0,0,0,0,0,"734867,814999999940000","5687362,836000000100000",12.368539230000067,51.28908151300004,4,4,4,Süd
166948,14,7,13,000,2018,05,20,3,2,6,4,0,1,0,1,0,0,0,0,"737046,297999999950000","5692472,071999999700000",12.403119677000063,51.33404054400006,3,3,3,Südost
166949,14,7,13,000,2018,05,18,2,3,5,3,0,1,1,0,0,0,0,0,"732746,970899999960000","5696283,624599999700000",12.344003404000034,51.370031131000076,8,8,8,Nordwest
166950,14,7,13,000,2018,05,09,3,3,1,5,0,1,1,0,0,0,0,0,"732420,082199999950000","5691540,700600000100000",12.336218725000037,51.32758921000004,5,5,5,Südwest
166951,14,7,13,000,2018,05,13,2,3,4,2,0,1,1,0,0,0,0,0,"734392,913900000040000","5696046,485899999700000",12.367451539000058,51.36722569600005,9,9,9,Nord
166952,14,7,13,000,2018,05,22,3,3,4,2,2,1,1,0,0,0,0,0,"735016,737800000000000","5693707,750599999900000",12.374852456000042,51.34597470400007,0,0,0,Mitte
166953,14,7,13,000,2018,05,14,2,3,5,3,0,1,1,0,0,0,0,0,"730579,142200000000000","5691547,358099999800000",12.30984521800002,51.328398123000056,6,6,6,West
166954,14,7,13,000,2018,05,07,3,3,6,2,0,0,1,1,0,0,0,0,"740856,148999999980000","5694774,270899999900000",12.459266222000053,51.353103575000034,2,2,2,Ost
166956,14,7,13,000,2018,05,17,3,3,2,6,0,0,1,0,0,0,0,0,"741134,253299999980000","5696094,782599999600000",12.46414760500005,51.364837917000045,2,2,2,Ost
166957,14,7,13,000,2018,05,15,3,3,6,4,0,0,1,1,0,0,0,0,"731178,002499999940000","5697452,440299999900000",12.322262220000027,51.381164064000075,8,8,8,Nordwest
166958,14,7,13,000,2018,05,07,2,3,6,4,0,0,1,1,0,0,0,0,"736006,737899999950000","5692456,463100000300000",12.38821312400006,51.33433274600003,0,0,0,Mitte
166964,14,7,13,000,2018,05,16,2,3,0,3,0,0,1,0,0,0,1,0,"731774,802799999950000","5691018,460099999800000",12.32663343300004,51.32316441100005,5,5,5,Südwest
166966,14,7,13,000,2018,05,20,2,3,5,3,0,1,1,0,0,0,0,0,"740873,767499999960000","5690177,133200000000000",12.456411156000058,51.311834049000026,3,3,3,Südost
166969,14,7,13,000,2018,05,12,2,3,5,2,0,1,1,0,0,0,0,0,"736371,191600000020000","5693786,963700000200000",12.394318529000032,51.34612422400005,2,2,2,Ost
166995,14,7,13,000,2018,05,09,1,3,1,1,0,1,1,0,0,0,0,0,"734205,221699999990000","5693249,492999999800000",12.362919223000063,51.34219605800007,0,0,0,Mitte
166997,14,7,13,000,2018,05,22,1,3,5,3,2,1,1,0,0,0,0,0,"732653,245400000010000","5691452,650200000000000",12.339502037000045,51.326703501000054,5,5,5,Südwest
167000,14,7,13,000,2018,05,10,1,3,3,2,0,1,1,0,0,0,0,0,"738081,851999999960000","5690024,618999999900000",12.416323748000025,51.311639686000035,3,3,3,Südost
167001,14,7,13,000,2018,05,15,2,3,2,6,0,0,1,0,0,0,0,0,"734800,954600000060000","5694586,452300000000000",12.372339176000025,51.353951420000044,0,0,0,Mitte
167002,14,7,13,000,2018,05,16,2,3,5,3,0,1,1,0,0,0,0,0,"732980,376900000030000","5691181,842199999800000",12.344012102000022,51.32413867400004,5,5,5,Südwest
167003,14,7,13,000,2018,05,13,1,3,4,2,0,1,1,0,0,0,0,0,"733821,496500000010000","5692556,198499999900000",12.356964405000042,51.33613060700003,0,0,0,Mitte
167004,14,7,13,000,2018,05,12,2,3,1,5,0,1,1,0,0,0,0,0,"740973,987300000040000","5689864,587799999900000",12.457635350000032,51.30898633800007,3,3,3,Südost
167007,14,7,13,000,2018,05,14,2,2,4,2,0,1,1,0,0,0,0,0,"740536,147299999950000","5689129,241600000300000",12.450869579000027,51.30257125500003,3,3,3,Südost
167009,14,7,13,000,2018,05,16,2,3,0,7,0,1,0,0,0,0,0,0,"734808,576299999960000","5691584,797000000300000",12.370469489000072,51.32700422700003,0,0,0,Mitte
167011,14,7,13,000,2018,05,14,2,3,0,1,0,1,0,0,0,0,0,0,"734300,493099999960000","5695696,567400000100000",12.365895687000034,51.364122810000026,9,9,9,Nord
167013,14,7,13,000,2018,05,15,2,3,2,2,0,0,1,0,0,0,1,0,"731177,765299999970000","5690686,232400000100000",12.317864257000053,51.320424924000065,7,7,7,Alt-West
167014,14,7,13,000,2018,05,06,2,3,4,2,0,1,1,0,0,0,0,0,"736168,521100000010000","5692947,523299999500000",12.390856936000034,51.33867345800007,0,0,0,Mitte
167021,14,7,13,000,2018,05,18,7,3,5,3,0,1,0,0,0,0,0,0,"732315,443899999950000","5691998,127999999600000",12.335017643000072,51.33173816100003,5,5,5,Südwest
167023,14,7,13,000,2018,05,07,2,3,3,2,0,1,1,0,0,0,0,0,"734920,707599999970000","5698722,349600000300000",12.376788997000062,51.39102702800005,9,9,9,Nord
167025,14,7,13,000,2018,05,19,7,2,1,7,0,0,1,0,1,0,0,0,"737544,371999999970000","5700833,708599999500000",12.415843420000044,51.40888646900004,9,9,9,Nord
167028,14,7,13,000,2018,05,13,7,3,8,1,0,0,1,0,0,0,0,0,"740766,340699999940000","5694509,645300000000000",12.457799880000039,51.35076645800007,2,2,2,Ost
167030,14,7,13,000,2018,05,13,7,2,7,1,0,0,1,0,0,0,0,0,"737382,363299999970000","5699059,757399999500000",12.412331736000056,51.39303145000008,1,1,1,Nordost
167033,14,7,13,000,2018,05,11,7,1,5,3,0,1,0,0,0,0,1,0,"738379,562000000030000","5694355,127999999600000",12.423484372000075,51.35038547400006,2,2,2,Ost
167067,14,7,13,000,2018,05,16,6,3,5,2,0,1,1,0,0,0,0,0,"734296,174299999960000","5690915,986200000200000",12.362688462000051,51.32121190400005,4,4,4,Süd
167070,14,7,13,000,2018,05,08,6,3,9,1,0,0,1,0,0,0,0,0,"736083,100600000010000","5688066,107200000400000",12.386401486000068,51.29489197700008,4,4,4,Süd
167072,14,7,13,000,2018,05,17,6,3,1,1,0,1,1,0,0,0,0,0,"737685,729599999960000","5695332,779400000300000",12.41419191500006,51.35945139200004,1,1,1,Nordost
167073,14,7,13,000,2018,05,09,6,3,4,2,0,0,1,0,0,0,0,0,"729335,090600000000000","5690835,103500000200000",12.291560971000024,51.322507005000034,6,6,6,West
167082,14,7,13,000,2018,05,18,7,3,5,3,0,1,1,0,0,0,0,0,"733820,846800000060000","5692557,061700000400000",12.356955661000029,51.33613862200008,0,0,0,Mitte
167084,14,7,13,000,2018,05,12,7,3,2,6,0,1,0,0,0,0,0,0,"735016,081099999950000","5691704,371000000300000",12.373521341000071,51.32799188800004,0,0,0,Mitte
167085,14,7,13,000,2018,05,18,7,3,0,7,0,1,0,0,0,0,0,0,"734808,458600000010000","5691587,893000000200000",12.370469842000034,51.32703206600007,0,0,0,Mitte
167087,14,7,13,000,2018,05,12,7,3,2,2,0,0,1,0,0,0,0,0,"731472,923199999960000","5696647,876100000000000",12.32596884000003,51.37382153900006,8,8,8,Nordwest