OBJECTID_1,ULAND,UREGBEZ,UKREIS,UGEMEINDE,UJAHR,UMONAT,USTUNDE,UWOCHENTAG,UKATEGORIE,UART,UTYP1,ULICHTVERH,IstRad,IstPKW,IstFuss,IstKrad,IstGkfz,IstSonstig,STRZUSTAND,LINREFX,LINREFY,XGCSWGS84,YGCSWGS84,index_right,FID,SBZ,Name
167090,14,7,13,000,2018,05,08,7,3,4,2,0,0,1,0,0,0,0,0,"734342,087199999950000","5696050,518400000400000",12.366725339000027,51.36728286200008,9,9,9,Nord
167094,14,7,13,000,2018,05,17,7,3,6,7,0,0,1,1,0,0,0,0,"733682,906500000040000","5693858,048100000200000",12.355832595000038,51.34787367500007,0,0,0,Mitte
167102,14,7,13,000,2018,05,17,5,3,5,2,0,1,1,0,0,0,0,0,"733976,960700000050000","5695288,091000000000000",12.360987817000023,51.36058946900005,9,9,9,Nord
167104,14,7,13,000,2018,05,18,5,3,2,6,0,0,1,0,0,0,0,0,"734012,426499999940000","5695603,196399999800000",12.361703625000075,51.363403393000056,9,9,9,Nord
167106,14,7,13,000,2018,05,12,5,3,0,7,0,0,1,0,0,0,0,0,"741007,681300000050000","5693964,472099999900000",12.460890070000062,51.34577096000004,2,2,2,Ost
167130,14,7,13,000,2018,05,10,6,3,5,3,0,1,1,0,0,0,0,0,"739092,374799999990000","5697695,918899999900000",12.435947571000042,51.38007226500008,1,1,1,Nordost
167133,14,7,13,000,2018,05,12,6,3,5,3,0,0,1,0,0,0,1,0,"736070,131500000020000","5688109,492100000400000",12.386244487000056,51.295286790000034,4,4,4,Süd
167134,14,7,13,000,2018,05,19,2,2,0,1,1,0,1,0,0,0,0,0,"735754,192300000000000","5692888,156399999700000",12.384879954000041,51.33831248300004,0,0,0,Mitte
167135,14,7,13,000,2018,05,14,6,2,1,6,0,1,1,0,0,0,0,0,"738827,844000000040000","5691973,311400000000000",12.428312927000036,51.32881845700007,2,2,2,Ost
167155,14,7,13,000,2018,05,14,4,3,1,5,0,0,1,0,0,0,0,0,"736706,356600000060000","5697384,359199999800000",12.401516295000022,51.37827533700005,1,1,1,Nordost
167157,14,7,13,000,2018,05,19,4,1,6,4,0,0,0,1,0,0,1,0,"733878,971099999970000","5694951,397599999800000",12.359361497000066,51.35760748900003,9,9,9,Nord
167159,14,7,13,000,2018,05,15,4,3,5,3,0,1,1,0,0,0,0,0,"735823,946899999980000","5693443,391099999700000",12.386247237000077,51.34326749200005,0,0,0,Mitte
167161,14,7,13,000,2018,05,13,4,3,5,3,0,1,1,0,0,0,0,0,"734287,878600000050000","5698407,728299999600000",12.367501955000023,51.38846443600005,9,9,9,Nord
167177,14,7,13,000,2018,05,13,5,3,5,3,0,1,1,0,0,0,0,0,"734795,900600000050000","5692905,199199999700000",12.371157977000053,51.33886193500007,0,0,0,Mitte
167178,14,7,13,000,2018,05,06,5,3,0,7,0,1,0,0,0,0,1,0,"734741,337199999950000","5693849,158699999600000",12.37099827700007,51.347357817000045,0,0,0,Mitte
167180,14,7,13,000,2018,05,11,5,3,2,2,0,0,1,0,0,0,0,0,"735517,274800000010000","5692024,619199999600000",12.380913895000049,51.33065927000007,0,0,0,Mitte
167181,14,7,13,000,2018,05,16,5,3,3,2,0,1,1,0,0,0,0,0,"732996,295999999970000","5691269,432699999800000",12.344297423000057,51.32491842600007,5,5,5,Südwest
167183,14,7,13,000,2018,05,20,5,3,5,3,1,1,1,0,0,0,0,0,"729149,604599999960000","5691208,986899999900000",12.289143806000027,51.32593815200005,6,6,6,West
167186,14,7,13,000,2018,05,06,5,2,1,7,0,1,1,0,0,0,0,0,"736826,192500000000000","5695892,733400000300000",12.40224147500004,51.364836455000045,1,1,1,Nordost
167187,14,7,13,000,2018,05,12,5,2,4,2,0,0,1,0,0,0,0,0,"729352,719099999990000","5690703,385599999700000",12.291728805000048,51.32131744800006,6,6,6,West
167189,14,7,13,000,2018,05,15,5,3,4,2,0,0,1,0,0,0,0,0,"736065,070900000050000","5688533,489600000000000",12.386452364000036,51.299094826000044,4,4,4,Süd
167191,14,7,13,000,2018,05,04,5,3,9,1,2,0,0,0,1,0,0,1,"730723,215399999990000","5691647,203200000300000",12.311974246000034,51.32923601400006,7,7,7,Alt-West
167192,14,7,13,000,2018,05,07,5,3,6,4,0,0,1,1,0,0,0,0,"738520,153100000000000","5694895,862099999600000",12.425861979000047,51.35518005900008,1,1,1,Nordost
167194,14,7,13,000,2018,05,14,5,3,5,3,0,0,1,0,0,0,0,0,"732711,979000000050000","5691935,974000000400000",12.340659156000072,51.331018130000075,5,5,5,Südwest
167210,14,7,13,000,2018,05,17,3,3,0,7,0,1,0,0,0,0,0,0,"733908,180500000020000","5693219,815899999800000",12.358642431000021,51.34205193500003,0,0,0,Mitte
167212,14,7,13,000,2018,05,15,3,3,2,6,0,0,1,0,0,0,0,0,"736439,776199999960000","5693006,901200000200000",12.394783639000025,51.33909372900007,0,0,0,Mitte
167221,14,7,13,000,2018,05,19,4,3,2,6,0,0,1,0,0,0,0,0,"731176,478000000000000","5690686,182000000000000",12.317845782000063,51.32042499500005,7,7,7,Alt-West
167255,14,7,13,000,2018,05,14,4,3,6,4,0,0,0,1,0,0,1,0,"735465,978600000030000","5691858,627100000200000",12.380069224000067,51.32919050600003,0,0,0,Mitte
167257,14,7,13,000,2018,05,10,4,3,5,2,0,0,1,0,0,0,0,0,"734741,903799999970000","5694655,220700000400000",12.37153799400005,51.35459310200008,0,0,0,Mitte
167258,14,7,13,000,2018,05,16,4,3,1,6,0,0,1,0,0,0,0,0,"737634,649199999990000","5695336,381299999500000",12.413461984000037,51.35950508600007,1,1,1,Nordost
167260,14,7,13,000,2018,05,11,4,3,2,6,0,0,1,0,0,0,0,0,"729817,892100000060000","5693934,343600000300000",12.300477535000027,51.350134267000044,7,7,7,Alt-West
167262,14,7,13,000,2018,05,20,3,3,5,3,1,0,1,0,0,0,0,0,"735621,374599999980000","5689344,861700000200000",12.38063487200003,51.306561757000054,4,4,4,Süd
167263,14,7,13,000,2018,05,15,4,3,5,3,0,1,0,0,0,0,0,0,"734774,568399999990000","5689895,103500000200000",12.368869757000027,51.31185081900003,4,4,4,Süd
167264,14,7,13,000,2018,05,07,3,3,6,4,0,1,0,1,0,0,0,0,"734974,860800000020000","5692863,605800000000000",12.37369523700005,51.33841465800003,0,0,0,Mitte
167265,14,7,13,000,2018,05,17,4,3,5,3,0,1,1,0,0,0,0,0,"735400,803199999970000","5689507,558600000100000",12.377583404000063,51.30811343100004,4,4,4,Süd
167266,14,7,13,000,2018,05,12,4,3,4,2,0,1,1,0,0,0,0,0,"735707,630299999960000","5690900,000799999600000",12.382897743000058,51.32048550300004,4,4,4,Süd
167267,14,7,13,000,2018,05,15,4,3,5,3,0,1,0,0,0,0,1,0,"735085,597399999970000","5689896,058000000200000",12.373325163000061,51.31173101700006,4,4,4,Süd
167268,14,7,13,000,2018,05,08,3,3,2,6,0,0,1,0,0,0,0,0,"734646,127199999990000","5693794,650899999800000",12.369597630000044,51.34690783900004,0,0,0,Mitte
167269,14,7,13,000,2018,05,07,4,3,5,3,0,1,1,0,0,0,0,0,"739326,569400000040000","5696116,584099999600000",12.43824339400004,51.36579794700003,1,1,1,Nordost
167270,14,7,13,000,2018,05,13,3,2,3,5,0,1,1,0,0,0,0,0,"732301,395299999970000","5692435,017000000000000",12.335101185000042,51.335665738000046,7,7,7,Alt-West
167272,14,7,13,000,2018,05,07,4,3,3,2,0,1,1,0,0,0,0,0,"736407,698699999950000","5695210,725300000000000",12.395787494000047,51.35888895000005,9,9,9,Nord
167273,14,7,13,000,2018,05,19,4,3,5,3,0,1,0,0,0,0,1,0,"742271,163700000030000","5694562,805800000200000",12.479405136000025,51.35060423400006,2,2,2,Ost
167274,14,7,13,000,2018,05,11,3,3,5,3,0,1,1,0,0,0,0,0,"729321,349799999970000","5690828,865700000000000",12.291360092000048,51.32245654500008,6,6,6,West
167277,14,7,13,000,2018,05,09,3,3,6,4,0,1,0,1,0,0,0,0,"740252,979799999970000","5693903,098199999900000",12.450032210000074,51.34553951200007,2,2,2,Ost
167301,14,7,13,000,2018,05,08,3,2,5,3,0,1,1,0,0,0,0,0,"731971,468899999980000","5688707,897599999800000",12.327948508000077,51.30234273700006,5,5,5,Südwest
167303,14,7,13,000,2018,05,18,3,3,4,2,0,1,1,0,0,0,0,0,"735176,983000000010000","5695996,146400000000000",12.378661732000069,51.366449792000026,9,9,9,Nord
167305,14,7,13,000,2018,05,18,3,3,4,2,0,1,1,0,0,0,0,0,"735177,634100000020000","5695996,008299999900000",12.37867097800006,51.36644828300007,9,9,9,Nord
167308,14,7,13,000,2018,05,10,3,3,1,5,0,0,1,0,0,0,0,0,"736637,372100000040000","5688491,462600000200000",12.394618963000028,51.29848005900004,4,4,4,Süd
167321,14,7,13,000,2018,05,08,2,3,4,2,0,1,1,0,0,0,0,0,"736988,381700000030000","5692281,071999999700000",12.402162745000055,51.33235024000004,3,3,3,Südost
167323,14,7,13,000,2018,05,09,2,3,5,3,0,1,1,0,0,0,0,0,"742479,768000000040000","5692799,184999999600000",12.481194263000077,51.33468616500005,2,2,2,Ost
167324,14,7,13,000,2018,05,19,2,2,7,1,1,1,0,0,0,0,0,0,"734874,101900000010000","5695656,034400000200000",12.374093900000048,51.36352213500004,9,9,9,Nord
167325,14,7,13,000,2018,05,08,2,3,1,6,0,0,1,0,0,0,0,0,"734023,062900000020000","5690859,587100000100000",12.358738902000027,51.32081802400006,4,4,4,Süd
167326,14,7,13,000,2018,05,05,2,3,0,4,2,1,0,1,0,0,0,0,"730032,829200000040000","5691250,098600000100000",12.30182532200007,51.32595078400004,6,6,6,West
167328,14,7,13,000,2018,05,22,2,3,8,1,2,0,1,0,0,0,0,0,"730434,642400000010000","5691938,164800000400000",12.308027419000041,51.33196494400005,7,7,7,Alt-West
167330,14,7,13,000,2018,05,17,2,3,2,6,0,1,0,0,0,0,0,0,"735949,298900000050000","5687410,189799999800000",12.384052487000076,51.28905967700007,4,4,4,Süd
167331,14,7,13,000,2018,05,16,2,3,2,6,0,0,1,0,0,0,0,0,"734646,321499999960000","5693260,164599999800000",12.369248197000047,51.342109992000076,0,0,0,Mitte
167332,14,7,13,000,2018,05,22,2,3,5,3,2,1,1,0,0,0,0,0,"736421,674499999960000","5691199,031800000000000",12.39332479500007,51.322873455000035,0,0,0,Mitte
167334,14,7,13,000,2018,05,09,2,3,3,2,0,0,0,0,0,0,1,0,"735637,185799999980000","5695920,518799999700000",12.38521072900005,51.36558024900006,9,9,9,Nord
167336,14,7,13,000,2018,05,15,2,3,4,2,0,1,1,0,0,0,0,0,"738439,202999999980000","5699745,308799999800000",12.427954911000029,51.39874182400007,1,1,1,Nordost
167343,14,7,13,000,2018,05,22,1,3,3,6,2,1,1,0,0,0,0,0,"733150,031899999940000","5692084,475999999800000",12.347033211000053,51.33217179800005,5,5,5,Südwest
167345,14,7,13,000,2018,05,08,1,2,0,1,0,1,0,0,0,0,0,0,"737828,006900000040000","5691154,889899999800000",12.413441890000058,51.32189116400008,3,3,3,Südost
167346,14,7,13,000,2018,05,11,1,3,2,6,0,0,1,0,1,0,0,0,"739000,162999999940000","5688996,868999999900000",12.428787316000069,51.302029868000034,3,3,3,Südost
167348,14,7,13,000,2018,05,06,1,3,5,3,0,0,1,0,0,0,0,0,"735308,376799999970000","5689757,620199999800000",12.37642463800006,51.31039629400004,4,4,4,Süd
167351,14,7,13,000,2018,05,18,1,1,9,7,0,1,0,0,0,0,0,0,"733693,366799999960000","5690726,031999999700000",12.353928224000072,51.319754653000075,4,4,4,Süd
167353,14,7,13,000,2018,05,12,1,3,3,6,0,0,1,0,0,0,0,0,"736989,087599999970000","5691390,920699999700000",12.401580963000072,51.32435983100004,3,3,3,Südost
167364,14,7,13,000,2018,05,19,7,2,5,7,0,1,1,0,0,0,0,0,"737553,254800000000000","5691776,453800000300000",12.409920193000062,51.327585131000035,3,3,3,Südost
167369,14,7,13,000,2018,05,10,7,3,5,3,0,1,1,0,0,0,0,0,"738933,763299999990000","5688213,505099999700000",12.427312289000042,51.295026309000036,3,3,3,Südost
167375,14,7,13,000,2018,05,15,1,3,1,7,0,0,1,0,0,0,0,0,"729298,897499999960000","5691010,473500000300000",12.291155222000043,51.32409591500004,6,6,6,West
167378,14,7,13,000,2018,05,17,1,3,6,6,0,1,0,1,0,0,0,0,"732389,303500000040000","5692033,621700000000000",12.336099157000035,51.332026607000046,5,5,5,Südwest
167383,14,7,13,000,2018,05,19,6,3,2,6,0,0,1,0,0,0,0,0,"734009,285299999990000","5692353,900600000300000",12.359522628000036,51.33423744000004,0,0,0,Mitte
167386,14,7,13,000,2018,05,21,4,3,5,3,1,0,1,0,0,0,0,1,"737387,989199999950000","5691590,533800000300000",12.407428597000035,51.32598528300008,3,3,3,Südost
167387,14,7,13,000,2018,05,17,6,3,4,2,0,1,1,0,0,0,0,0,"731892,032000000010000","5692405,323200000500000",12.329215377000025,51.33556624400006,7,7,7,Alt-West
167391,14,7,13,000,2018,05,15,6,3,2,6,0,1,1,0,0,0,0,0,"732562,724999999980000","5692614,834400000100000",12.338963595000052,51.337173102000065,7,7,7,Alt-West
167393,14,7,13,000,2018,05,15,6,3,6,4,0,1,0,1,0,0,0,0,"739862,645900000000000","5692312,015599999600000",12.443366481000055,51.331423210000025,2,2,2,Ost
167395,14,7,13,000,2018,05,20,6,3,3,2,1,1,1,0,0,0,0,0,"735045,787900000000000","5690879,961799999700000",12.373403408000058,51.320579389000045,4,4,4,Süd
167397,14,7,13,000,2018,05,14,6,3,5,3,0,0,1,0,0,0,0,0,"735564,154300000050000","5690913,271599999600000",12.380851179000047,51.320664038000075,4,4,4,Süd
167414,14,7,13,000,2018,05,12,7,3,2,6,0,0,1,0,0,0,1,0,"736619,127100000040000","5693781,001500000200000",12.397868231000075,51.34596757000003,2,2,2,Ost
167417,14,7,13,000,2018,05,05,5,3,5,3,0,1,1,0,0,0,0,0,"737183,238999999940000","5693758,389999999700000",12.405938509000066,51.34552954800006,2,2,2,Ost
167418,14,7,13,000,2018,05,14,5,3,5,7,0,1,1,0,0,0,0,0,"732372,175900000030000","5698505,723299999700000",12.34008146800005,51.390131533000044,8,8,8,Nordwest
167419,14,7,13,000,2018,05,22,7,2,8,1,2,1,0,0,0,0,0,0,"734145,304899999990000","5696545,288300000100000",12.364229279000028,51.371805264000045,9,9,9,Nord
167420,14,7,13,000,2018,05,20,5,3,5,3,0,0,1,0,0,0,0,0,"734605,976400000040000","5692453,179700000200000",12.368138448000025,51.33488279900007,0,0,0,Mitte
167422,14,7,13,000,2018,05,16,7,3,9,2,0,1,1,0,0,0,0,0,"734808,067000000040000","5691559,735999999600000",12.370445682000025,51.32677947900004,0,0,0,Mitte
167425,14,7,13,000,2018,05,10,7,3,6,4,0,0,1,1,0,0,0,0,"733887,563399999980000","5692485,420900000300000",12.357864708000022,51.33546810300004,0,0,0,Mitte
167426,14,7,13,000,2018,05,19,5,2,0,7,0,0,1,0,0,0,1,0,"736520,330100000020000","5693460,404299999600000",12.39623922100003,51.343130950000045,2,2,2,Ost
167445,14,7,13,000,2018,05,15,6,2,3,6,0,1,0,0,0,0,0,0,"735007,466900000000000","5691892,519100000200000",12.373521985000025,51.32968433800005,0,0,0,Mitte
167449,14,7,13,000,2018,05,15,6,3,5,3,0,1,0,0,1,0,0,0,"730295,398000000040000","5693542,663999999900000",12.30706949100005,51.34642491300008,7,7,7,Alt-West
167453,14,7,13,000,2018,05,15,4,3,5,3,0,1,1,0,0,0,0,1,"735883,305000000050000","5692597,252100000200000",12.386537608000026,51.335647711000036,0,0,0,Mitte
167456,14,7,13,000,2018,05,01,4,3,9,1,2,0,1,0,0,0,0,1,"733810,201000000000000","5694139,286000000300000",12.357841974000053,51.35034586900008,0,0,0,Mitte
167458,14,7,13,000,2018,05,18,4,3,6,4,0,0,0,1,1,0,0,1,"734359,102199999960000","5695495,595700000400000",12.366603671000064,51.36229463500007,9,9,9,Nord
167482,14,7,13,000,2018,05,15,5,3,5,3,0,1,1,0,0,0,0,0,"735322,579900000010000","5692596,430100000500000",12.378501871000026,51.33587261800005,0,0,0,Mitte
167484,14,7,13,000,2018,05,19,5,3,5,3,0,1,1,0,0,0,0,0,"734929,099300000000000","5692145,758899999800000",12.372566064000068,51.331989890000045,0,0,0,Mitte
167486,14,7,13,000,2018,05,16,5,3,5,3,0,0,1,0,0,0,0,0,"729583,647099999940000","5690368,224600000300000",12.29482146600003,51.31821553800006,6,6,6,West
167487,14,7,13,000,2018,05,07,3,3,3,6,0,1,0,0,0,0,1,0,"739139,124199999960000","5691372,551000000000000",12.432369636000033,51.32329535700006,3,3,3,Südost
167488,14,7,13,000,2018,05,16,5,3,1,7,0,1,1,0,0,0,0,0,"728676,430000000050000","5691220,303399999600000",12.282371239000042,51.32623013300008,6,6,6,West
167489,14,7,13,000,2018,05,15,3,3,5,3,0,1,1,0,0,0,0,1,"733646,723000000000000","5693959,369400000200000",12.35538043400004,51.34879806200007,0,0,0,Mitte
167490,14,7,13,000,2018,05,07,3,3,1,5,0,1,1,0,0,0,0,0,"735138,680900000040000","5689253,802799999700000",12.373662205000073,51.30594393800004,4,4,4,Süd
167491,14,7,13,000,2018,05,15,5,2,1,5,0,1,1,0,0,0,0,0,"735041,765800000050000","5691038,154000000100000",12.373450072000026,51.32200104800006,4,4,4,Süd
167492,14,7,13,000,2018,05,14,3,3,5,3,0,1,1,0,0,0,0,0,"738802,408999999990000","5696258,240000000200000",12.430822770000077,51.36728998400008,1,1,1,Nordost
167494,14,7,13,000,2018,05,09,5,3,2,6,0,0,1,0,0,0,0,0,"735388,505000000000000","5690886,883000000400000",12.378317520000053,51.32049985100008,4,4,4,Süd
167495,14,7,13,000,2018,05,09,3,3,5,3,0,0,1,0,0,0,0,0,"734510,366700000010000","5691267,540900000400000",12.365988169000047,51.32427939200005,4,4,4,Süd
167496,14,7,13,000,2018,05,13,5,3,5,3,0,1,1,0,0,0,0,0,"737248,366999999970000","5692229,235000000300000",12.40585345900007,51.33177656600003,3,3,3,Südost
167498,14,7,13,000,2018,05,14,5,3,6,4,0,0,1,1,0,0,0,0,"734402,642200000000000","5696044,868300000200000",12.367589977000023,51.36720716200006,9,9,9,Nord
167501,14,7,13,000,2018,05,17,4,3,3,5,0,1,1,0,0,0,0,0,"736967,908799999980000","5693766,964200000300000",12.402857943000072,51.34569630200008,2,2,2,Ost
167502,14,7,13,000,2018,06,11,4,3,5,3,0,1,1,0,0,0,0,0,"735404,486999999960000","5691392,804399999800000",12.378880519000063,51.32503457000007,0,0,0,Mitte
167503,14,7,13,000,2018,06,11,4,3,3,6,0,0,1,0,1,0,0,0,"737411,904400000000000","5693210,794099999600000",12.408850819000065,51.340518864000046,2,2,2,Ost
167506,14,7,13,000,2018,06,08,3,3,3,6,0,1,0,0,0,1,0,0,"738852,391799999980000","5689348,834900000100000",12.426906945000042,51.30525109600006,3,3,3,Südost
167508,14,7,13,000,2018,06,16,3,3,2,6,0,0,1,0,0,0,0,0,"733673,186100000050000","5695703,324000000000000",12.356905041000061,51.36444181000007,9,9,9,Nord
167511,14,7,13,000,2018,06,16,3,3,3,6,0,1,0,0,0,0,1,0,"735047,848600000030000","5690802,957600000300000",12.373382167000045,51.31988731600006,4,4,4,Süd
167514,14,7,13,000,2018,06,14,3,2,4,2,0,0,1,0,0,0,0,0,"734726,789899999970000","5690884,777200000400000",12.368836783000063,51.32075429000008,4,4,4,Süd
167554,14,7,13,000,2018,06,10,3,2,5,3,0,1,0,0,0,0,1,0,"742266,452599999960000","5694600,453400000000000",12.479363234000061,51.35094414300005,2,2,2,Ost
167573,14,7,13,000,2018,06,07,2,2,5,3,0,1,0,0,0,0,0,0,"735038,498700000000000","5692880,671900000400000",12.374618490000046,51.33854155100005,0,0,0,Mitte
167575,14,7,13,000,2018,06,17,2,3,6,4,0,0,1,1,0,0,0,0,"728702,429200000010000","5691195,059700000100000",12.282727571000066,51.325993064000045,6,6,6,West
167576,14,7,13,000,2018,06,15,2,3,4,2,0,1,0,0,0,0,0,0,"735723,065500000030000","5690294,828499999800000",12.382718844000067,51.31504688600006,4,4,4,Süd
167578,14,7,13,000,2018,06,18,2,3,5,3,0,0,1,0,1,0,0,0,"734781,838200000000000","5695898,194699999900000",12.372930805000067,51.36573398300004,9,9,9,Nord
167580,14,7,13,000,2018,06,16,2,3,2,6,0,0,1,0,0,0,0,0,"739271,458400000000000","5691559,523500000100000",12.434390862000043,51.32491795700008,2,2,2,Ost
167596,14,7,13,000,2018,06,10,2,3,3,7,0,1,0,0,0,0,1,0,"736590,991299999990000","5699840,857200000400000",12.401498020000076,51.40037305800007,9,9,9,Nord
167598,14,7,13,000,2018,06,13,2,3,2,6,0,0,1,0,0,0,0,0,"736320,411100000030000","5695057,230000000400000",12.394434096000055,51.357547459000045,9,9,9,Nord
167600,14,7,13,000,2018,06,17,2,3,5,2,0,1,1,0,0,0,0,0,"734999,261300000010000","5692263,096099999700000",12.373648799000023,51.33301417200005,0,0,0,Mitte
167603,14,7,13,000,2018,06,16,2,3,5,3,0,0,1,0,0,0,0,0,"738086,196000000000000","5697557,152999999900000",12.421422758000062,51.37924948700004,1,1,1,Nordost
167605,14,7,13,000,2018,06,08,2,3,2,6,0,1,1,0,0,0,0,0,"738371,361999999960000","5691310,362999999900000",12.421329470000046,51.32305932400004,3,3,3,Südost
167606,14,7,13,000,2018,06,12,1,3,1,7,0,1,1,0,0,0,0,0,"734297,672200000030000","5693455,904099999900000",12.364380059000041,51.34401081000004,0,0,0,Mitte
167608,14,7,13,000,2018,06,12,1,3,2,6,0,1,1,0,0,0,0,0,"730035,198300000050000","5694237,325000000200000",12.30378857900007,51.35276623100003,7,7,7,Alt-West
167610,14,7,13,000,2018,06,18,1,3,9,1,0,0,1,0,0,0,0,1,"735821,524199999990000","5688969,563299999600000",12.383253209000031,51.30311008100006,4,4,4,Süd
167636,14,7,13,000,2018,06,13,7,3,5,3,0,1,1,0,0,0,0,0,"735001,415000000040000","5692243,756000000100000",12.37366690500005,51.33283967800003,0,0,0,Mitte
167645,14,7,13,000,2018,06,12,1,3,1,5,0,1,1,0,0,0,0,0,"736836,297600000050000","5693855,646599999600000",12.401030573000071,51.34654716600005,2,2,2,Ost
167648,14,7,13,000,2018,06,17,1,3,5,3,0,0,1,0,0,0,0,0,"731213,949999999950000","5688472,561999999900000",12.316948000000025,51.300538249000056,5,5,5,Südwest
167650,14,7,13,000,2018,06,11,1,3,5,3,0,0,1,0,0,0,0,0,"732094,087999999990000","5696572,572999999900000",12.334828799000036,51.372892069000045,8,8,8,Nordwest
167656,14,7,13,000,2018,06,07,6,3,2,1,0,0,1,0,0,0,0,0,"736376,494599999980000","5693005,796799999700000",12.393876025000054,51.33911012300007,0,0,0,Mitte
167658,14,7,13,000,2018,06,14,6,3,2,6,0,0,1,0,1,0,0,0,"735908,211200000020000","5694455,638100000100000",12.388125701000035,51.35231870100006,0,0,0,Mitte
167659,14,7,13,000,2018,06,09,6,3,0,7,0,1,0,0,0,0,0,0,"731759,769800000010000","5691281,696999999700000",12.326589195000054,51.325533568000026,5,5,5,Südwest
167663,14,7,13,000,2018,06,12,6,3,5,3,0,1,1,0,0,0,0,0,"736562,398799999970000","5699802,754499999800000",12.401062325000055,51.40004296800004,9,9,9,Nord
167668,14,7,13,000,2018,06,13,7,3,0,7,0,0,0,0,1,0,0,1,"735036,800500000010000","5695069,729500000400000",12.376039426000034,51.35819199400004,0,0,0,Mitte
167670,14,7,13,000,2018,06,14,7,3,4,6,0,1,0,0,0,0,0,0,"730032,590100000030000","5691249,979899999700000",12.301821819000054,51.32594981500006,6,6,6,West
167672,14,7,13,000,2018,06,20,7,3,6,4,0,0,0,1,0,0,1,0,"733718,002699999950000","5697321,946300000000000",12.358611773000064,51.37895289100004,9,9,9,Nord
167674,14,7,13,000,2018,06,18,7,3,0,1,0,1,0,0,0,0,0,0,"736602,669200000000000","5695502,858199999700000",12.398777074000066,51.36143002400007,9,9,9,Nord
167686,14,7,13,000,2018,06,15,6,3,2,6,0,0,1,0,1,0,0,0,"735172,015000000010000","5693550,752000000300000",12.376974392000022,51.344501222000076,0,0,0,Mitte
167696,14,7,13,000,2018,06,09,6,3,7,1,0,1,0,0,0,0,0,0,"730667,761000000060000","5691607,365000000200000",12.311153854000054,51.32890087700008,7,7,7,Alt-West
167698,14,7,13,000,2018,06,18,6,3,1,7,0,0,1,0,1,0,0,1,"731712,747800000010000","5691883,613800000400000",12.32630681300003,51.33095602600008,7,7,7,Alt-West
167699,14,7,13,000,2018,06,14,6,3,2,2,0,0,1,0,0,0,0,0,"742154,118499999980000","5693064,103600000000000",12.476708346000066,51.33720265900007,2,2,2,Ost
167701,14,7,13,000,2018,06,11,6,3,5,3,0,1,1,0,0,0,0,0,"739980,957000000050000","5692436,179700000200000",12.445145230000037,51.33248777100005,2,2,2,Ost
167706,14,7,13,000,2018,06,11,5,3,3,2,0,1,1,0,0,0,0,0,"734999,315300000020000","5692262,550900000100000",12.373649213000022,51.33300925600008,0,0,0,Mitte
167708,14,7,13,000,2018,06,11,5,3,4,2,0,1,1,0,0,0,0,0,"736063,366599999950000","5693599,151100000400000",12.38978191900003,51.34456627600008,0,0,0,Mitte
167710,14,7,13,000,2018,06,07,5,3,1,5,0,1,1,0,0,0,0,0,"732333,348299999950000","5690904,072800000200000",12.33456106400007,51.32190978600005,5,5,5,Südwest
167713,14,7,13,000,2018,06,12,5,3,0,7,0,1,0,0,0,0,0,0,"732427,626999999980000","5692052,034099999800000",12.336660325000025,51.33217623100006,5,5,5,Südwest
167715,14,7,13,000,2018,06,14,5,3,1,5,0,1,1,0,0,0,0,0,"735432,468400000010000","5689492,308199999900000",12.378026834000025,51.30796344300006,4,4,4,Süd
167716,14,7,13,000,2018,06,16,5,3,5,2,0,1,1,0,0,0,0,0,"735767,865600000020000","5692869,514100000300000",12.385063564000063,51.33813947600004,0,0,0,Mitte
167718,14,7,13,000,2018,06,06,5,2,9,1,0,0,0,0,1,0,0,0,"735694,632699999960000","5695768,549900000000000",12.385933765000061,51.364192313000046,9,9,9,Nord
167720,14,7,13,000,2018,06,13,5,3,5,3,0,1,0,0,0,0,1,0,"742272,865299999950000","5694362,384300000000000",12.479293121000069,51.34880465200007,2,2,2,Ost
167722,14,7,13,000,2018,06,22,5,3,3,6,2,1,0,0,0,0,1,0,"737578,006300000010000","5697065,034699999700000",12.413804783000046,51.37504510400004,1,1,1,Nordost
167756,14,7,13,000,2018,05,07,5,3,3,3,0,1,1,0,0,0,0,0,"735595,222199999960000","5693122,398600000000000",12.382756727000071,51.34048099100005,0,0,0,Mitte
167758,14,7,13,000,2018,05,14,5,3,5,3,0,0,1,0,1,0,0,0,"735896,811800000020000","5694566,948900000200000",12.38803606700003,51.35332258300008,9,9,9,Nord
167759,14,7,13,000,2018,05,18,5,3,5,3,0,1,1,0,0,0,0,0,"734782,580399999980000","5689846,693599999900000",12.368952652000075,51.311412965000045,4,4,4,Süd
167761,14,7,13,000,2018,05,17,5,2,3,6,0,1,1,0,0,0,0,0,"738157,275600000050000","5693612,838999999700000",12.419801575000065,51.343815911000036,2,2,2,Ost