OBJECTID_1,ULAND,UREGBEZ,UKREIS,UGEMEINDE,UJAHR,UMONAT,USTUNDE,UWOCHENTAG,UKATEGORIE,UART,UTYP1,ULICHTVERH,IstRad,IstPKW,IstFuss,IstKrad,IstGkfz,IstSonstig,STRZUSTAND,LINREFX,LINREFY,XGCSWGS84,YGCSWGS84,index_right,FID,SBZ,Name
167764,14,7,13,000,2018,05,09,5,3,0,5,0,0,1,0,0,0,0,0,"740915,135099999960000","5698446,756500000100000",12.462600031000022,51.38604100300006,1,1,1,Nordost
167766,14,7,13,000,2018,05,14,5,1,5,3,0,1,0,0,0,1,0,0,"736437,920200000050000","5693841,791799999800000",12.395311364000065,51.34658862300006,2,2,2,Ost
167768,14,7,13,000,2018,05,21,5,3,5,3,1,1,1,0,0,0,0,0,"733542,735600000010000","5694190,194500000200000",12.35404126900005,51.350912804000075,0,0,0,Mitte
167770,14,7,13,000,2018,05,15,5,3,2,6,0,1,1,0,0,0,0,0,"734633,019699999950000","5695381,618099999600000",12.370456051000076,51.361158483000054,9,9,9,Nord
167775,14,7,13,000,2018,06,20,4,3,5,3,0,1,1,0,0,0,0,0,"732037,910500000000000","5691870,773600000000000",12.330957799000032,51.33070821300004,7,7,7,Alt-West
167779,14,7,13,000,2018,06,17,4,3,8,7,0,1,0,0,0,0,0,0,"734222,935199999950000","5692852,104299999800000",12.362911759000042,51.338621612000054,0,0,0,Mitte
167780,14,7,13,000,2018,06,14,4,3,5,2,0,1,1,0,0,0,0,0,"734569,368699999990000","5692132,746700000000000",12.367402905000063,51.332021550000036,0,0,0,Mitte
167793,14,7,13,000,2018,06,17,3,3,2,6,0,1,1,0,0,0,0,0,"738373,125099999950000","5692500,725200000200000",12.422150867000028,51.33374321100007,2,2,2,Ost
167795,14,7,13,000,2018,06,09,3,3,3,5,0,1,1,0,0,0,0,0,"734617,767800000030000","5693624,981100000400000",12.369079329000044,51.34539651800003,0,0,0,Mitte
167797,14,7,13,000,2018,06,18,3,3,2,6,0,0,1,0,0,0,0,0,"734786,614300000020000","5692485,397400000100000",12.37074820600003,51.335097457000074,0,0,0,Mitte
167798,14,7,13,000,2018,06,16,2,3,4,2,0,1,1,0,0,0,0,0,"728530,882800000020000","5690768,619800000500000",12.279996198000049,51.32223374100005,6,6,6,West
167799,14,7,13,000,2018,06,22,3,3,5,3,2,0,1,0,0,0,0,0,"738135,158399999960000","5690519,842500000300000",12.417417810000074,51.31606251900007,3,3,3,Südost
167800,14,7,13,000,2018,06,16,2,3,2,6,0,0,1,0,0,0,0,0,"738055,706800000040000","5694026,034099999800000",12.418622154000047,51.347567265000066,1,1,1,Nordost
167801,14,7,13,000,2018,06,07,2,3,5,3,0,1,1,0,0,0,0,0,"736385,631799999970000","5695699,852199999600000",12.39579614400003,51.36328860100008,9,9,9,Nord
167802,14,7,13,000,2018,06,07,3,3,5,3,0,1,1,0,0,0,0,0,"741022,743600000050000","5695324,903599999800000",12.46202717400007,51.357975174000046,2,2,2,Ost
167803,14,7,13,000,2018,06,10,2,3,2,2,0,0,1,0,0,0,0,0,"737801,140000000010000","5695324,400999999600000",12.415840942000045,51.359327904000054,1,1,1,Nordost
167804,14,7,13,000,2018,06,08,3,3,6,2,0,0,1,1,0,0,0,0,"733251,332799999970000","5695836,299599999600000",12.35094312800004,51.36580881900005,8,8,8,Nordwest
167805,14,7,13,000,2018,06,15,2,3,4,6,0,1,0,0,0,0,0,0,"735687,501399999950000","5692882,004099999600000",12.38392015100004,51.338284902000055,0,0,0,Mitte
167806,14,7,13,000,2018,06,10,3,3,2,6,0,1,1,0,0,0,0,0,"734109,030299999980000","5694852,872700000200000",12.362595060000046,51.356628357000034,9,9,9,Nord
167807,14,7,13,000,2018,06,22,3,3,4,2,2,0,1,0,0,0,0,0,"730085,387699999960000","5693095,685100000400000",12.303770273000055,51.34249741500008,7,7,7,Alt-West
167808,14,7,13,000,2018,06,19,2,3,1,5,0,1,1,0,0,0,0,0,"735482,890200000020000","5689467,253700000200000",12.378732410000055,51.30771769000006,4,4,4,Süd
167810,14,7,13,000,2018,06,12,2,2,6,2,0,0,1,1,0,0,0,0,"735924,776700000050000","5692736,940600000300000",12.387224403000062,51.336884388000044,0,0,0,Mitte
167812,14,7,13,000,2018,06,10,2,3,4,6,0,0,0,0,0,0,1,0,"734277,932500000000000","5695515,134399999900000",12.365452686000026,51.362503496000045,9,9,9,Nord
167813,14,7,13,000,2018,06,18,2,3,5,3,0,1,1,0,0,0,0,0,"735529,635499999970000","5692932,880800000400000",12.381691448000026,51.33880699200006,0,0,0,Mitte
167835,14,7,13,000,2018,06,20,2,3,5,3,0,0,1,0,0,0,0,0,"729707,883999999960000","5690341,002200000000000",12.296583723000026,51.31792102400004,6,6,6,West
167837,14,7,13,000,2018,06,09,2,3,3,2,0,1,0,0,0,0,0,0,"731420,191400000010000","5692066,856300000100000",12.32223366900007,51.33272006800007,7,7,7,Alt-West
167838,14,7,13,000,2018,06,05,2,3,5,3,0,1,1,0,0,0,0,1,"738712,466099999960000","5689284,018299999600000",12.42485987300006,51.30472798800008,3,3,3,Südost
167843,14,7,13,000,2018,06,05,2,3,0,7,0,1,0,0,0,0,0,1,"738375,135299999970000","5690901,637199999800000",12.421110270000042,51.319389036000075,3,3,3,Südost
167845,14,7,13,000,2018,06,06,2,3,0,1,0,1,0,0,0,0,0,1,"731319,100699999950000","5696724,877999999600000",12.323812713000052,51.37457543800008,8,8,8,Nordwest
167847,14,7,13,000,2018,06,19,2,3,5,2,0,1,1,0,0,0,0,0,"734639,039299999950000","5695392,921099999900000",12.37054981600005,51.36125745700008,9,9,9,Nord
167849,14,7,13,000,2018,06,10,2,2,5,2,0,1,0,1,0,0,1,0,"735059,322999999970000","5691045,099399999700000",12.373706172000027,51.32205614000003,4,4,4,Süd
167850,14,7,13,000,2018,06,16,2,3,5,2,0,1,1,0,0,0,0,0,"735476,356099999980000","5697569,928500000400000",12.383997112000031,51.38045242000004,9,9,9,Nord
167852,14,7,13,000,2018,06,07,2,3,5,2,0,1,1,0,0,0,0,1,"734746,851299999980000","5690775,025899999800000",12.369051919000071,51.31976083700005,4,4,4,Süd
167858,14,7,13,000,2018,06,03,1,2,6,6,2,0,1,1,0,0,0,0,"731839,673399999970000","5689376,276899999900000",12.326495352000052,51.30839636500008,5,5,5,Südwest
167871,14,7,13,000,2018,06,20,1,2,5,3,0,0,1,0,1,0,0,1,"731946,203300000050000","5690586,996899999700000",12.32880838400007,51.31922139900007,5,5,5,Südwest
167875,14,7,13,000,2018,06,18,1,3,0,1,0,0,1,0,1,0,0,1,"737341,640299999970000","5692292,108400000300000",12.40723179400004,51.33230201200007,3,3,3,Südost
167876,14,7,13,000,2018,06,17,7,1,5,3,0,1,0,0,1,0,0,0,"735067,353000000000000","5688579,602099999800000",12.372196706000068,51.299921468000036,4,4,4,Süd
167877,14,7,13,000,2018,06,12,1,3,1,7,0,0,1,0,0,0,0,1,"739475,648000000040000","5697981,407999999800000",12.441637255000046,51.38247321700004,1,1,1,Nordost
167878,14,7,13,000,2018,06,12,7,3,5,7,0,0,1,0,1,0,0,0,"737317,800500000010000","5689351,286399999600000",12.404933064000033,51.305914822000034,4,4,4,Süd
167879,14,7,13,000,2018,06,03,1,2,9,1,2,0,1,0,0,0,0,1,"735848,038500000020000","5688924,041899999600000",12.383602809000024,51.30269048400004,4,4,4,Süd
167893,14,7,13,000,2018,06,05,6,3,3,6,1,1,1,0,0,0,0,0,"737924,733099999950000","5695309,028800000400000",12.417602597000041,51.35913819000007,1,1,1,Nordost
167895,14,7,13,000,2018,06,14,6,3,5,3,0,0,1,0,1,0,0,0,"736254,443899999950000","5692968,386300000400000",12.392102114000068,51.33882503800004,0,0,0,Mitte
167897,14,7,13,000,2018,06,12,7,3,5,3,0,1,1,0,0,0,0,1,"734785,447999999970000","5692625,201000000400000",12.370823629000029,51.33635287300007,0,0,0,Mitte
167898,14,7,13,000,2018,06,00,6,3,9,1,2,0,1,0,0,0,0,0,"728479,880000000000000","5689342,439899999600000",12.278351820000069,51.30945101100008,6,6,6,West
167899,14,7,13,000,2018,06,19,7,3,2,2,1,0,1,0,0,0,0,0,"732576,658700000030000","5692087,050699999600000",12.338818736000064,51.332429647000026,7,7,7,Alt-West
167900,14,7,13,000,2018,06,15,6,2,5,3,0,0,1,0,1,0,0,0,"738892,555999999980000","5691115,758299999900000",12.428665382000077,51.321093990000065,3,3,3,Südost
167901,14,7,13,000,2018,06,15,7,3,5,3,0,1,1,0,0,0,0,0,"730579,832199999950000","5691547,844399999800000",12.309855420000076,51.328402209000046,6,6,6,West
167902,14,7,13,000,2018,06,18,7,3,6,4,0,1,0,1,0,0,0,0,"734521,829200000040000","5693147,465099999700000",12.36738973200005,51.34114971300005,0,0,0,Mitte
167903,14,7,13,000,2018,06,15,6,3,0,7,0,0,1,0,0,0,0,0,"741023,874399999970000","5694641,621199999900000",12.461580609000066,51.35184187500005,2,2,2,Ost
167904,14,7,13,000,2018,06,19,7,3,3,6,0,0,1,0,1,0,0,0,"732030,773000000040000","5690709,043600000400000",12.33009931600003,51.32028251300005,5,5,5,Südwest
167905,14,7,13,000,2018,06,16,6,3,5,3,0,1,1,0,0,0,0,0,"734805,694600000050000","5692641,560800000100000",12.371124553000072,51.336491367000065,0,0,0,Mitte
167906,14,7,13,000,2018,06,10,7,3,5,3,0,0,1,0,0,0,1,1,"735470,636199999950000","5697583,833900000000000",12.383924281000077,51.38057961000004,9,9,9,Nord
167907,14,7,13,000,2018,06,01,7,1,0,7,2,0,0,1,0,0,1,0,"732744,247399999990000","5692737,702200000200000",12.341645283000048,51.33820178600007,7,7,7,Alt-West
167909,14,7,13,000,2018,06,14,7,3,2,6,0,0,1,0,0,0,0,1,"734670,014500000050000","5693316,380300000300000",12.369624814000076,51.34260482900004,0,0,0,Mitte
167927,14,7,13,000,2018,06,14,6,2,5,3,0,1,0,0,0,0,0,0,"737759,139399999990000","5694469,481300000100000",12.414667579000024,51.35167174700007,1,1,1,Nordost
167929,14,7,13,000,2018,06,14,6,3,3,7,0,0,1,0,0,0,1,0,"737097,275799999940000","5692954,986600000400000",12.404171546000043,51.338353985000026,3,3,3,Südost
167932,14,7,13,000,2018,06,04,6,3,5,3,1,1,0,0,0,0,1,0,"735760,602799999990000","5692859,755900000200000",12.384953024000026,51.33805489500003,0,0,0,Mitte
167947,14,7,13,000,2018,06,15,5,3,5,3,0,1,1,0,0,0,0,0,"727243,713299999940000","5693206,127100000200000",12.263108961000057,51.34463174500007,7,7,7,Alt-West
167949,14,7,13,000,2018,06,15,5,3,5,3,0,1,1,0,0,0,0,0,"734785,447999999970000","5692625,201000000400000",12.370823629000029,51.33635287300007,0,0,0,Mitte
167951,14,7,13,000,2018,06,16,5,3,5,3,0,1,1,0,0,0,0,0,"735279,283900000040000","5690886,558500000300000",12.37675267700007,51.32054210800004,4,4,4,Süd
167953,14,7,13,000,2018,06,06,5,3,5,2,0,1,1,0,0,0,0,0,"741520,972100000010000","5690294,598899999600000",12.465759515000059,51.31261413200008,3,3,3,Südost
167955,14,7,13,000,2018,06,11,5,3,5,3,0,1,1,0,0,0,0,0,"738548,909899999970000","5689486,194000000100000",12.422652934000041,51.30661126100006,3,3,3,Südost
167957,14,7,13,000,2018,06,07,5,3,5,3,0,1,1,0,0,0,0,0,"742021,800099999990000","5693948,231399999900000",12.475413156000059,51.34519440300005,2,2,2,Ost
167962,14,7,13,000,2018,06,22,5,3,5,3,2,0,1,0,0,0,0,0,"733784,872600000000000","5695671,148900000400000",12.358485400000063,51.364107044000036,9,9,9,Nord
167964,14,7,13,000,2018,06,12,5,2,3,2,0,1,1,0,0,0,0,0,"738081,016199999950000","5695127,493599999700000",12.419721715000037,51.35744329000005,1,1,1,Nordost
167967,14,7,13,000,2018,06,15,5,3,1,5,0,1,1,0,0,0,0,0,"734891,141999999990000","5695760,967000000200000",12.374407533000067,51.36445700100006,9,9,9,Nord
167971,14,7,13,000,2018,06,20,5,3,2,6,0,0,1,0,0,0,0,0,"735408,078499999950000","5692626,054399999800000",12.379746648000037,51.33610315200008,0,0,0,Mitte
167972,14,7,13,000,2018,06,13,5,3,5,3,0,1,1,0,0,0,0,0,"738016,182200000040000","5692045,056400000100000",12.416731921000064,51.32980261600005,2,2,2,Ost
167973,14,7,13,000,2018,06,12,5,3,4,2,0,1,0,0,0,0,0,0,"734623,287000000010000","5693234,013399999600000",12.368900833000055,51.341884753000045,0,0,0,Mitte
167974,14,7,13,000,2018,06,07,5,3,5,3,0,1,1,0,0,0,0,0,"730644,460899999950000","5697103,603900000500000",12.31438206300004,51.378249588000074,8,8,8,Nordwest
167975,14,7,13,000,2018,06,10,5,3,4,6,0,1,0,0,0,0,0,0,"734548,260099999960000","5698524,991899999800000",12.371314995000034,51.38940950700004,9,9,9,Nord
167978,14,7,13,000,2018,06,15,5,3,4,2,0,1,1,0,0,0,0,1,"741888,952500000010000","5693997,078499999800000",12.473542424000073,51.34568936100004,2,2,2,Ost
167983,14,7,13,000,2018,06,07,5,3,5,3,0,1,1,0,0,0,0,0,"732632,397899999980000","5692632,360899999700000",12.33997352800003,51.337301936000074,7,7,7,Alt-West
167985,14,7,13,000,2018,06,08,5,3,5,2,0,1,1,0,0,0,0,0,"735289,885000000010000","5692385,299999999800000",12.377893913000037,51.33399096900007,0,0,0,Mitte
168017,14,7,13,000,2018,06,16,4,3,5,3,0,1,1,0,0,0,0,0,"734874,202000000050000","5694490,373999999800000",12.373325829000066,51.35305872200007,0,0,0,Mitte
168018,14,7,13,000,2018,06,20,4,3,5,3,0,0,1,0,0,0,0,0,"734644,811899999970000","5693253,278199999600000",12.369222024000067,51.342048799000054,0,0,0,Mitte
168019,14,7,13,000,2018,06,11,4,3,2,6,0,0,1,0,0,0,0,0,"731009,895499999980000","5688738,161399999600000",12.314197827000044,51.30300534700007,5,5,5,Südwest
168021,14,7,13,000,2018,06,18,4,3,5,2,0,1,1,0,0,0,0,0,"740168,285099999980000","5691511,225100000400000",12.447205992000022,51.32410658800006,2,2,2,Ost
168022,14,7,13,000,2018,06,23,4,3,3,6,2,1,1,0,0,0,0,0,"735074,387499999950000","5690324,766800000300000",12.37344713300007,51.315583917000026,4,4,4,Süd
168023,14,7,13,000,2018,06,08,4,3,0,7,0,1,1,0,0,0,0,0,"734926,612599999990000","5693314,694500000200000",12.373301339000022,51.34248373500003,0,0,0,Mitte
168024,14,7,13,000,2018,06,16,4,2,5,3,0,1,1,0,0,0,0,0,"739332,647899999980000","5695956,614799999600000",12.438222903000053,51.36435954400008,1,1,1,Nordost
168025,14,7,13,000,2018,06,09,4,3,5,5,0,1,0,0,0,0,0,0,"734959,283999999990000","5692668,798999999600000",12.373343512000076,51.336672434000036,0,0,0,Mitte
168026,14,7,13,000,2018,06,07,4,3,6,4,0,0,1,1,0,0,0,0,"736381,012299999940000","5692757,023400000300000",12.393775681000022,51.33687520800004,0,0,0,Mitte
168029,14,7,13,000,2018,06,09,4,3,5,3,0,1,1,0,0,0,0,0,"736071,510499999970000","5689665,487099999600000",12.387293327000066,51.309253315000035,4,4,4,Süd
168032,14,7,13,000,2018,06,13,4,3,5,3,0,0,1,0,0,0,0,0,"734699,617699999940000","5693379,154299999600000",12.370090469000047,51.34315609500004,0,0,0,Mitte
168064,14,7,13,000,2018,06,17,3,3,3,6,0,1,0,0,0,0,1,0,"736670,025499999990000","5693778,881500000100000",12.398596347000023,51.34592735500007,2,2,2,Ost
168066,14,7,13,000,2018,06,07,3,2,5,7,0,1,1,0,0,0,0,0,"735004,052000000030000","5691767,196100000300000",12.373390417000053,51.32856080000005,0,0,0,Mitte
168068,14,7,13,000,2018,06,15,3,3,6,4,0,0,1,1,0,0,0,0,"732310,785400000050000","5691309,128700000200000",12.334501774000046,51.325555088000044,5,5,5,Südwest
168069,14,7,13,000,2018,06,08,3,3,0,7,0,1,0,0,0,0,0,0,"735291,748200000030000","5695300,706100000100000",12.379847382000037,51.36015980500008,0,0,0,Mitte
168071,14,7,13,000,2018,06,08,3,3,4,1,0,0,1,0,0,0,0,0,"737310,726000000020000","5693204,711600000000000",12.407396767000023,51.34050650100005,2,2,2,Ost
168072,14,7,13,000,2018,06,13,3,2,6,6,0,1,0,1,0,0,0,0,"734927,858699999980000","5692912,049200000200000",12.373053602000027,51.33886892400005,0,0,0,Mitte
168073,14,7,13,000,2018,06,16,3,3,6,4,0,0,0,1,0,0,1,0,"735522,482899999940000","5692935,642199999700000",12.38159077000006,51.33883474100003,0,0,0,Mitte
168074,14,7,13,000,2018,06,10,3,3,5,2,0,1,0,0,0,0,1,0,"735097,511500000020000","5693970,912499999600000",12.376183987000047,51.34830353900003,0,0,0,Mitte
168075,14,7,13,000,2018,06,07,3,2,5,3,0,1,0,0,0,0,0,0,"735194,294899999980000","5690881,292299999900000",12.375531705000071,51.32052997000005,4,4,4,Süd
168077,14,7,13,000,2018,06,09,3,3,1,5,0,1,1,0,0,0,0,0,"732422,314600000040000","5696172,989299999500000",12.339275082000029,51.36917093000005,8,8,8,Nordwest
168078,14,7,13,000,2018,06,13,3,3,6,6,0,1,0,1,0,0,0,0,"729124,908599999970000","5690920,423399999700000",12.288604478000025,51.32335761400003,6,6,6,West
168096,14,7,13,000,2018,07,07,5,3,2,6,0,0,1,0,0,0,0,1,"735121,584099999980000","5693981,629099999600000",12.376536122000061,51.34838977900006,0,0,0,Mitte
168099,14,7,13,000,2018,07,11,5,3,3,6,0,1,1,0,0,0,0,1,"734520,117800000010000","5694980,225900000000000",12.368572654000047,51.35760203800004,9,9,9,Nord
168101,14,7,13,000,2018,07,07,5,3,5,3,0,1,1,0,0,0,0,0,"735102,075300000030000","5697063,285500000200000",12.378293259000031,51.37605974400003,9,9,9,Nord
168115,14,7,13,000,2018,07,10,2,3,2,6,0,0,1,0,0,0,0,0,"735260,390800000050000","5695211,465400000100000",12.379338777000044,51.35937173800005,0,0,0,Mitte
168118,14,7,13,000,2018,07,09,2,3,3,2,0,1,1,0,0,0,0,0,"735588,249300000020000","5692240,059200000000000",12.382073283000068,51.332563736000054,0,0,0,Mitte
168120,14,7,13,000,2018,07,18,2,3,4,2,0,1,1,0,0,0,0,0,"737663,402000000000000","5692582,730000000400000",12.412036011000055,51.334776290000036,2,2,2,Ost
168121,14,7,13,000,2018,07,05,2,3,5,3,0,1,1,0,0,0,0,0,"736685,975899999960000","5697154,915799999600000",12.401071175000027,51.37622433300004,1,1,1,Nordost
168123,14,7,13,000,2018,07,11,2,3,0,4,0,0,0,1,0,0,1,0,"733774,147400000020000","5695671,434000000400000",12.358331796000073,51.36411401700008,9,9,9,Nord
168124,14,7,13,000,2018,07,05,4,3,2,6,0,1,1,0,0,0,0,0,"735756,879800000000000","5693309,735100000200000",12.38519752700006,51.34209557300005,0,0,0,Mitte
168125,14,7,13,000,2018,07,00,4,2,0,1,2,0,0,0,1,0,0,0,"739736,986799999960000","5692274,862800000200000",12.441541072000064,51.33114270900006,2,2,2,Ost
168126,14,7,13,000,2018,07,08,4,2,3,6,0,0,1,0,1,0,0,0,"739750,122699999950000","5692726,397900000200000",12.44203310100005,51.335190039000054,2,2,2,Ost
168127,14,7,13,000,2018,07,10,2,1,6,4,0,0,1,1,0,0,0,0,"731216,540900000020000","5691945,030600000200000",12.319236310000065,51.33170927500004,7,7,7,Alt-West
168147,14,7,13,000,2018,07,18,3,3,5,3,0,1,0,0,0,0,0,0,"735705,777000000000000","5690917,052000000100000",12.38288246600007,51.32063932700004,4,4,4,Süd
168149,14,7,13,000,2018,07,09,3,3,4,2,0,0,1,0,0,0,0,0,"727783,868999999950000","5689139,706799999800000",12.268253118000075,51.307909933000076,6,6,6,West
168150,14,7,13,000,2018,07,19,3,3,3,6,0,0,1,0,0,0,1,0,"732798,884500000040000","5690538,080299999600000",12.340991532000032,51.31843410400006,5,5,5,Südwest
168152,14,7,13,000,2018,07,17,3,3,5,3,0,0,1,0,0,0,0,0,"740840,020999999950000","5688366,497000000400000",12.454706078000072,51.29559666000006,3,3,3,Südost
168156,14,7,13,000,2018,07,14,3,3,2,6,0,1,0,0,0,0,1,0,"739795,586600000040000","5695152,471199999600000",12.444318491000047,51.35694661200006,2,2,2,Ost
168158,14,7,13,000,2018,07,11,3,3,5,3,0,1,1,0,0,0,0,1,"738137,276700000050000","5690521,500199999700000",12.417449258000033,51.31607651200005,3,3,3,Südost
168171,14,7,13,000,2018,07,12,1,3,5,3,0,0,1,0,0,0,0,0,"733891,755899999990000","5693352,246299999800000",12.358494008000037,51.34324745400005,0,0,0,Mitte
168173,14,7,13,000,2018,07,19,1,2,4,2,0,1,1,0,0,0,0,0,"732308,152699999980000","5690616,693699999700000",12.334012866000023,51.31934033700003,5,5,5,Südwest
168175,14,7,13,000,2018,07,18,1,2,5,3,0,1,1,0,0,0,0,0,"734874,202000000050000","5694490,373999999800000",12.373325829000066,51.35305872200007,0,0,0,Mitte
168177,14,7,13,000,2018,07,10,3,3,5,3,0,0,1,0,0,0,1,0,"734476,702000000050000","5693078,666000000200000",12.366697678000037,51.34055075300006,0,0,0,Mitte
168178,14,7,13,000,2018,07,13,1,3,0,3,0,1,0,0,0,0,0,0,"737458,837199999950000","5693061,951000000400000",12.409424184000045,51.339163245000066,2,2,2,Ost
168179,14,7,13,000,2018,07,18,2,3,2,2,0,0,1,0,0,0,0,0,"735322,358200000020000","5692598,259600000500000",12.378499902000044,51.335889132000034,0,0,0,Mitte
168180,14,7,13,000,2018,07,04,1,3,8,1,2,0,1,0,0,0,0,0,"733708,177499999990000","5692447,294700000400000",12.355269042000032,51.33519960500007,0,0,0,Mitte
168181,14,7,13,000,2018,07,22,2,3,0,7,2,1,0,0,0,0,0,0,"736481,136900000040000","5693011,128600000400000",12.395379180000077,51.33911447600008,3,3,3,Südost
168184,14,7,13,000,2018,07,06,2,3,6,4,0,0,1,1,0,0,0,0,"727315,070700000040000","5693261,795800000400000",12.264167374000067,51.34510297700007,7,7,7,Alt-West
168186,14,7,13,000,2018,07,13,2,2,6,4,0,1,0,1,0,0,0,0,"735672,543900000050000","5696167,159599999900000",12.385881189000031,51.367779486000074,9,9,9,Nord
168188,14,7,13,000,2018,07,07,2,3,6,4,0,1,0,1,0,0,0,0,"735972,685300000010000","5692883,392699999700000",12.388007963000064,51.338179102000026,0,0,0,Mitte
168189,14,7,13,000,2018,07,19,3,3,5,3,0,1,1,0,0,0,0,0,"736421,366599999950000","5691198,833399999900000",12.39332025300007,51.322871802000066,0,0,0,Mitte
168191,14,7,13,000,2018,07,19,2,3,5,3,0,1,1,0,0,0,0,0,"734818,277099999950000","5694103,458599999500000",12.372268857000051,51.34960873400007,0,0,0,Mitte
168193,14,7,13,000,2018,07,05,2,3,5,3,0,1,1,0,0,0,0,0,"729590,177400000040000","5694729,954800000400000",12.29772636100006,51.35736852900004,7,7,7,Alt-West
168195,14,7,13,000,2018,07,14,2,3,6,7,0,0,0,1,1,0,0,0,"737389,591800000050000","5691594,215200000400000",12.407454008000059,51.32601765900006,3,3,3,Südost
168203,14,7,13,000,2018,07,12,3,3,5,7,0,1,1,0,0,0,0,0,"732159,582300000010000","5692712,672100000100000",12.333249860000024,51.338216086000045,7,7,7,Alt-West
168206,14,7,13,000,2018,06,11,7,3,5,3,0,0,1,0,0,0,0,0,"736572,548599999980000","5697169,469899999900000",12.399454044000038,51.37640223300008,1,1,1,Nordost
168209,14,7,13,000,2018,06,05,7,3,0,7,1,0,1,0,0,0,0,0,"729177,277000000000000","5700569,684799999900000",12.295573336000075,51.40995867700008,8,8,8,Nordwest
168212,14,7,13,000,2018,07,16,3,3,5,3,0,1,0,0,0,1,0,0,"730511,014399999990000","5689715,161100000100000",12.307684557000073,51.31197809200006,6,6,6,West
168213,14,7,13,000,2018,06,21,7,3,3,6,1,0,1,0,0,0,0,0,"737118,985400000010000","5698039,844100000300000",12.407872018000035,51.383986822000054,1,1,1,Nordost
168216,14,7,13,000,2018,07,06,3,3,3,6,0,0,1,0,0,1,0,0,"732967,317000000040000","5690586,736700000200000",12.343436147000034,51.31880194900003,5,5,5,Südwest
168219,14,7,13,000,2018,07,14,1,3,5,3,0,1,1,0,0,0,0,0,"736794,205899999940000","5693334,161500000400000",12.400080481000032,51.34188378600004,2,2,2,Ost
168221,14,7,13,000,2018,07,17,1,3,5,3,0,0,1,0,0,0,0,0,"740252,354399999950000","5694767,165500000100000",12.450606409000045,51.35329533700008,2,2,2,Ost
168224,14,7,13,000,2018,07,19,1,2,0,7,0,0,1,0,1,0,0,0,"735805,058199999970000","5692623,134100000400000",12.385433469000077,51.335912482000026,0,0,0,Mitte
168226,14,7,13,000,2018,07,04,1,3,8,1,2,0,0,0,0,0,1,0,"732044,471999999950000","5690481,545199999600000",12.33014752500003,51.31823471700005,5,5,5,Südwest
168227,14,7,13,000,2018,07,11,1,3,5,3,0,0,1,0,0,0,1,0,"732688,300599999960000","5691861,384200000200000",12.340271160000043,51.33035824700005,5,5,5,Südwest
168231,14,7,13,000,2018,07,08,3,3,5,2,0,1,1,0,0,0,0,0,"738162,521399999970000","5689967,568799999500000",12.417441008000026,51.31109385600007,3,3,3,Südost
168236,14,7,13,000,2018,07,19,7,3,9,1,0,0,0,0,1,0,0,0,"730907,370499999960000","5691772,129800000200000",12.314693945000045,51.33028274900005,7,7,7,Alt-West
168238,14,7,13,000,2018,07,00,7,2,8,1,2,0,0,0,1,0,0,0,"730760,111099999980000","5696291,398000000000000",12.31551369400006,51.37091155100006,8,8,8,Nordwest
168242,14,7,13,000,2018,07,13,7,3,1,5,0,0,1,0,0,0,1,0,"740335,356000000030000","5697606,630900000200000",12.45371504800005,51.37874614100008,1,1,1,Nordost
168243,14,7,13,000,2018,07,18,7,3,2,6,0,0,1,0,0,0,0,0,"740108,059000000010000","5687875,427000000100000",12.44389674200005,51.291497965000076,3,3,3,Südost
168245,14,7,13,000,2018,06,09,6,3,5,2,0,1,0,0,1,0,0,0,"735008,672700000000000","5692138,590300000300000",12.37370154100006,51.33189267100005,0,0,0,Mitte
168247,14,7,13,000,2018,06,20,6,3,1,1,0,0,1,0,0,0,0,0,"730483,047000000020000","5690664,363900000200000",12.307897384000057,51.320510427000045,6,6,6,West
168248,14,7,13,000,2018,06,14,6,3,5,3,0,1,1,0,0,0,0,0,"737785,940199999950000","5691448,888899999700000",12.413035366000031,51.32454769000003,3,3,3,Südost
168249,14,7,13,000,2018,07,17,7,2,6,4,0,1,0,1,0,0,0,0,"735869,984599999970000","5688846,933600000100000",12.383866116000036,51.30198924300004,4,4,4,Süd
168250,14,7,13,000,2018,06,10,6,3,5,3,0,0,1,0,0,0,0,0,"734807,067200000050000","5692363,839200000300000",12.370961181000041,51.33399785800003,0,0,0,Mitte
168257,14,7,13,000,2018,06,11,6,3,1,1,0,1,1,0,0,0,0,0,"734060,584799999950000","5695207,409000000000000",12.362133741000036,51.359830791000036,9,9,9,Nord
168259,14,7,13,000,2018,07,09,3,3,6,2,0,0,1,1,0,0,0,0,"732487,388000000040000","5696384,479899999700000",12.340346594000039,51.371042775000035,8,8,8,Nordwest
168260,14,7,13,000,2018,06,10,6,3,5,3,0,1,1,0,0,0,0,0,"742017,415099999980000","5693996,107599999800000",12.475382854000031,51.345625978000044,2,2,2,Ost