OBJECTID_1,ULAND,UREGBEZ,UKREIS,UGEMEINDE,UJAHR,UMONAT,USTUNDE,UWOCHENTAG,UKATEGORIE,UART,UTYP1,ULICHTVERH,IstRad,IstPKW,IstFuss,IstKrad,IstGkfz,IstSonstig,STRZUSTAND,LINREFX,LINREFY,XGCSWGS84,YGCSWGS84,index_right,FID,SBZ,Name
168846,14,7,13,000,2018,08,20,1,3,5,3,0,1,1,0,0,0,0,0,"734823,723000000000000","5694846,380500000000000",12.372837102000062,51.35627522200008,0,0,0,Mitte
168847,14,7,13,000,2018,08,12,2,3,3,6,0,0,1,0,0,1,0,0,"730406,753200000040000","5690965,347199999700000",12.306998882000073,51.32324325600007,6,6,6,West
168848,14,7,13,000,2018,08,22,1,2,5,3,2,0,0,1,1,0,0,0,"737183,098800000040000","5693752,416000000200000",12.405932520000022,51.345475984000075,2,2,2,Ost
168849,14,7,13,000,2018,08,12,2,3,5,3,0,0,1,0,0,0,0,0,"732057,422999999950000","5692939,069000000100000",12.331933266000021,51.34029009400007,7,7,7,Alt-West
168868,14,7,13,000,2018,08,18,1,2,5,3,0,1,1,0,0,0,0,0,"728720,669200000000000","5695024,925499999900000",12.285448873000064,51.36036715100005,7,7,7,Alt-West
168870,14,7,13,000,2018,08,13,1,3,2,6,0,0,1,0,0,0,1,0,"734898,997500000060000","5690896,414699999600000",12.371311410000033,51.32078769100008,4,4,4,Süd
168876,14,7,13,000,2018,08,18,7,3,5,3,0,1,1,0,0,0,0,0,"738674,765800000050000","5689254,862999999900000",12.424300518000052,51.30448209700006,3,3,3,Südost
168878,14,7,13,000,2018,08,15,7,3,5,3,0,1,1,0,0,0,0,0,"735175,882100000050000","5693551,605100000300000",12.377030381000054,51.34450728000007,0,0,0,Mitte
168882,14,7,13,000,2018,08,07,6,3,5,3,0,1,1,0,0,0,0,0,"731656,823600000000000","5696554,566900000000000",12.328545658000053,51.37290894700004,8,8,8,Nordwest
168887,14,7,13,000,2018,08,14,6,3,3,2,0,1,1,0,0,0,0,0,"733084,626599999960000","5691581,031299999900000",12.345766711000067,51.32767935900006,5,5,5,Südwest
168891,14,7,13,000,2018,08,17,7,2,4,2,0,0,1,0,1,0,0,0,"743238,351600000050000","5694199,689199999900000",12.493019751000077,51.34693214300006,2,2,2,Ost
168894,14,7,13,000,2018,08,15,6,3,5,3,0,1,1,0,0,0,0,0,"735277,887899999970000","5690986,123300000100000",12.376798378000046,51.32143641600004,4,4,4,Süd
168896,14,7,13,000,2018,08,15,7,2,1,5,0,1,1,0,0,0,0,0,"734459,223299999950000","5695452,430499999800000",12.368010807000076,51.36186586200006,9,9,9,Nord
168897,14,7,13,000,2018,08,22,6,3,5,3,2,0,1,0,0,0,0,1,"733629,871099999990000","5692373,587700000000000",12.354098557000043,51.33457014100003,0,0,0,Mitte
168899,14,7,13,000,2018,08,14,7,3,3,6,0,0,1,0,1,0,0,0,"730607,091999999950000","5696917,792999999600000",12.313725465000061,51.376596765000045,8,8,8,Nordwest
168901,14,7,13,000,2018,08,14,7,3,6,4,0,0,1,1,0,0,0,0,"732412,888900000020000","5696177,821600000400000",12.339143066000076,51.369218164000074,8,8,8,Nordwest
168902,14,7,13,000,2018,08,17,7,2,3,7,0,0,1,0,0,0,1,0,"735038,578800000020000","5696508,624200000400000",12.37701581400006,51.37110722500006,9,9,9,Nord
168904,14,7,13,000,2018,08,06,7,2,5,3,0,0,1,0,0,0,0,0,"734977,557999999960000","5696036,123999999800000",12.375828458000058,51.36689116400004,9,9,9,Nord
168905,14,7,13,000,2018,08,22,7,3,5,3,2,0,1,0,0,0,0,0,"732333,252699999950000","5693062,615700000000000",12.33596708500005,51.341286506000074,7,7,7,Alt-West
168920,14,7,13,000,2018,08,14,6,3,6,7,0,0,1,1,0,0,0,0,"734387,945300000020000","5693577,637900000400000",12.365754060000029,51.34506633900003,0,0,0,Mitte
168921,14,7,13,000,2018,08,17,7,3,3,2,0,1,1,0,0,0,0,0,"736168,618999999950000","5692945,494900000300000",12.390856994000046,51.33865521000007,0,0,0,Mitte
168923,14,7,13,000,2018,08,15,6,3,6,3,0,0,1,1,0,0,0,0,"738719,423500000030000","5690956,851599999700000",12.426078911000047,51.31974031500005,3,3,3,Südost
168927,14,7,13,000,2018,08,22,6,2,0,1,2,1,0,0,0,0,0,0,"733091,399699999950000","5694107,673399999700000",12.347517227000026,51.35035730300007,0,0,0,Mitte
168929,14,7,13,000,2018,08,07,6,2,5,3,0,1,1,0,0,0,0,0,"731474,612199999970000","5696647,030199999900000",12.325992514000063,51.37381325700005,8,8,8,Nordwest
168931,14,7,13,000,2018,08,20,6,3,5,3,0,1,1,0,0,0,0,0,"735635,978000000000000","5695643,207000000400000",12.385009687000036,51.36309153500008,9,9,9,Nord
168933,14,7,13,000,2018,08,10,6,3,5,3,0,1,1,0,0,0,0,0,"734606,560900000040000","5691620,422500000300000",12.367598565000037,51.32740736100004,0,0,0,Mitte
168935,14,7,13,000,2018,08,18,6,3,1,6,0,0,1,0,1,0,0,0,"742020,972799999990000","5693164,732900000200000",12.474868861000061,51.338162526000076,2,2,2,Ost
168936,14,7,13,000,2018,08,15,6,2,5,2,0,1,0,0,0,1,0,0,"733908,515000000010000","5693218,092000000200000",12.358646093000061,51.34203632200007,0,0,0,Mitte
168938,14,7,13,000,2018,08,08,6,3,0,7,0,0,0,0,0,0,1,0,"735873,188800000000000","5691835,814700000000000",12.385888604000058,51.32881703700008,0,0,0,Mitte
168941,14,7,13,000,2018,08,13,6,3,2,6,0,0,1,0,0,0,1,0,"734893,966499999980000","5692531,541500000300000",12.37231698200003,51.33546733800006,0,0,0,Mitte
168942,14,7,13,000,2018,08,07,6,3,3,2,0,1,1,0,0,0,0,0,"735756,297900000010000","5692869,849999999600000",12.384898013000054,51.33814728700003,0,0,0,Mitte
168945,14,7,13,000,2018,08,14,6,3,0,4,0,0,0,1,0,0,1,0,"735075,252600000010000","5689842,650999999600000",12.373141806000035,51.311255886000026,4,4,4,Süd
168948,14,7,13,000,2018,08,10,6,3,6,4,0,0,1,1,0,0,0,0,"729477,367800000010000","5690035,501400000400000",12.29308483400007,51.31527150000005,6,6,6,West
168950,14,7,13,000,2018,08,21,6,3,5,3,1,0,1,0,0,0,0,0,"735310,735400000010000","5689757,399400000500000",12.376458272000036,51.31039333700005,4,4,4,Süd
168973,14,7,13,000,2018,08,15,5,3,2,2,0,1,1,0,0,0,0,0,"735291,135299999970000","5693612,800800000300000",12.378722720000042,51.34500890800007,0,0,0,Mitte
168975,14,7,13,000,2018,08,10,5,3,4,2,0,0,1,0,0,0,0,0,"728686,540900000020000","5689588,672899999700000",12.281469721000065,51.311578524000026,6,6,6,West
168976,14,7,13,000,2018,08,15,5,3,5,2,0,1,0,0,1,0,0,0,"733670,103400000020000","5697378,417299999900000",12.357961845000034,51.379479513000035,9,9,9,Nord
168977,14,7,13,000,2018,08,15,5,3,5,3,0,1,1,0,0,0,0,0,"731760,282000000010000","5689794,211000000100000",12.325629776000028,51.31218042900008,5,5,5,Südwest
168979,14,7,13,000,2018,08,20,5,3,4,2,1,0,1,0,0,0,0,1,"736450,154800000020000","5693007,904500000200000",12.394933039000023,51.33909841900004,0,0,0,Mitte
168980,14,7,13,000,2018,08,16,5,3,5,3,0,1,1,0,0,0,0,0,"727700,596000000020000","5690582,965900000200000",12.267981760000055,51.32089993300008,6,6,6,West
168981,14,7,13,000,2018,08,16,5,2,5,3,0,1,0,0,0,0,0,0,"735111,529600000010000","5694192,470400000000000",12.376531255000032,51.350286520000054,0,0,0,Mitte
168982,14,7,13,000,2018,08,14,5,3,4,2,0,0,1,0,1,0,0,0,"731614,676600000010000","5688541,015399999900000",12.322730792000073,51.30098989600003,5,5,5,Südwest
168983,14,7,13,000,2018,08,14,5,2,8,7,0,0,1,0,0,0,0,0,"732706,200900000050000","5690517,806099999700000",12.33965058800004,51.31829001500006,5,5,5,Südwest
168984,14,7,13,000,2018,08,21,5,1,4,2,2,0,1,0,1,0,0,0,"737503,837999999990000","5697069,890999999800000",12.412744320000058,51.37511971400005,1,1,1,Nordost
168987,14,7,13,000,2018,08,15,5,3,5,2,0,1,1,0,0,0,0,0,"734525,509800000000000","5693149,707899999800000",12.36744395900007,51.34116832800004,0,0,0,Mitte
169006,14,7,13,000,2018,08,09,4,3,2,2,0,0,1,0,0,0,0,0,"742281,951899999990000","5694025,850800000100000",12.47919433900006,51.34578026600008,2,2,2,Ost
169007,14,7,13,000,2018,08,10,4,3,5,3,0,1,1,0,0,0,0,0,"734892,109000000050000","5694340,053999999500000",12.373483329000067,51.35170199600003,0,0,0,Mitte
169009,14,7,13,000,2018,08,06,4,3,2,2,1,0,1,0,0,0,0,0,"729913,390699999990000","5693410,009200000200000",12.301507944000036,51.34538868700008,7,7,7,Alt-West
169012,14,7,13,000,2018,08,17,4,2,0,1,0,1,0,0,0,0,0,0,"730626,305700000030000","5691579,842000000200000",12.310542034000036,51.32867061200005,6,6,6,West
169016,14,7,13,000,2018,08,18,5,3,4,2,0,1,1,0,0,0,0,1,"735756,264300000040000","5692869,589200000300000",12.384897359000036,51.33814496000008,0,0,0,Mitte
169027,14,7,13,000,2018,08,16,1,2,5,3,0,1,1,0,0,0,0,0,"737133,858000000010000","5692342,894999999600000",12.404288364000024,51.332844539000064,3,3,3,Südost
169030,14,7,13,000,2018,08,10,3,3,5,3,0,0,1,0,1,0,0,0,"737481,256100000000000","5694517,079400000200000",12.410716009000055,51.35221515500007,1,1,1,Nordost
169031,14,7,13,000,2018,08,21,1,3,5,2,2,0,1,0,0,0,0,0,"734639,330300000030000","5695393,467500000300000",12.370554349000031,51.36126224100008,9,9,9,Nord
169034,14,7,13,000,2018,08,06,6,3,5,3,1,1,1,0,0,0,0,0,"732367,460800000000000","5698830,180200000300000",12.34022612900003,51.39304598500007,8,8,8,Nordwest
169046,14,7,13,000,2018,08,18,4,3,3,6,0,1,0,0,0,0,0,0,"734596,517899999980000","5692435,738900000200000",12.367991424000024,51.33473014400005,0,0,0,Mitte
169047,14,7,13,000,2018,08,08,7,3,2,6,0,0,1,0,0,0,0,0,"734787,753200000040000","5693012,723199999900000",12.371112094000068,51.33983047700008,0,0,0,Mitte
169048,14,7,13,000,2018,08,13,7,3,6,4,0,1,0,1,0,0,0,0,"735049,557599999940000","5692400,812699999700000",12.374460361000047,51.33422958600005,0,0,0,Mitte
169049,14,7,13,000,2018,08,12,7,3,5,3,0,1,1,0,0,0,0,0,"740532,663799999980000","5690683,605700000200000",12.451867565000043,51.31652422600007,3,3,3,Südost
169053,14,7,13,000,2018,08,11,4,2,5,3,0,1,1,0,0,0,0,0,"739953,742199999980000","5694168,077800000100000",12.445922095000071,51.34804425900006,2,2,2,Ost
169055,14,7,13,000,2018,08,20,7,2,0,1,1,0,0,0,1,0,0,0,"737262,349900000030000","5695138,960199999600000",12.407992668000077,51.357888596000066,1,1,1,Nordost
169057,14,7,13,000,2018,08,20,7,3,3,2,2,0,1,0,1,0,0,0,"738858,783100000000000","5694329,267000000000000",12.430336114000056,51.34995218500006,2,2,2,Ost
169059,14,7,13,000,2018,08,10,3,3,5,3,0,1,1,0,0,0,0,0,"734875,450799999990000","5694490,588600000400000",12.373343873000067,51.35306013200005,0,0,0,Mitte
169061,14,7,13,000,2018,08,08,5,3,3,2,0,1,1,0,0,0,0,1,"735168,351499999990000","5693427,336000000100000",12.376840376000075,51.343394913000054,0,0,0,Mitte
169063,14,7,13,000,2018,08,16,3,3,5,2,0,1,1,0,0,0,0,0,"735497,964099999980000","5692042,414800000400000",12.380648963000056,51.33082700400007,0,0,0,Mitte
169065,14,7,13,000,2018,08,09,3,3,1,5,0,1,1,0,0,0,0,0,"736257,650000000020000","5692787,158099999700000",12.392027860000042,51.33719696400004,0,0,0,Mitte
169076,14,7,13,000,2018,08,10,3,2,6,7,0,0,1,1,0,0,0,0,"738656,932099999980000","5690989,999099999700000",12.425205946000062,51.320064056000035,3,3,3,Südost
169077,14,7,13,000,2018,08,13,6,3,5,2,0,1,1,0,0,0,0,0,"737250,330399999980000","5692228,554399999800000",12.40588113800004,51.331769638000026,3,3,3,Südost
169079,14,7,13,000,2018,08,07,6,3,3,6,0,1,1,0,0,0,0,1,"739494,834999999960000","5691859,810999999800000",12.437792671000068,51.32751929500006,2,2,2,Ost
169095,14,7,13,000,2018,08,10,4,2,0,7,0,0,0,0,0,0,1,0,"733246,497899999960000","5690590,520700000200000",12.347437958000057,51.31872155700006,5,5,5,Südwest
169105,14,7,13,000,2018,08,14,4,3,6,4,0,0,1,1,0,0,0,0,"727110,505499999970000","5688617,207899999800000",12.25827593400004,51.30348824600003,6,6,6,West
169109,14,7,13,000,2018,08,16,3,2,5,3,0,0,1,0,0,0,1,0,"740846,520299999970000","5694779,476800000300000",12.459131725000077,51.353154380000035,2,2,2,Ost
169111,14,7,13,000,2018,08,13,5,3,5,3,0,0,1,0,0,0,0,1,"739757,775000000020000","5688232,315999999600000",12.43912189300005,51.29484888300004,3,3,3,Südost
169113,14,7,13,000,2018,08,07,5,3,1,5,0,1,1,0,0,0,0,0,"736429,182200000040000","5693507,321999999700000",12.39496403000004,51.34358999900007,2,2,2,Ost
169114,14,7,13,000,2018,08,00,5,3,6,6,2,0,1,1,0,0,0,0,"731003,093499999960000","5688641,677400000400000",12.314037972000051,51.30214197200007,5,5,5,Südwest
169115,14,7,13,000,2018,08,13,5,3,6,4,0,0,1,1,0,0,0,1,"734301,136799999980000","5695701,551099999800000",12.365908201000025,51.36416728100005,9,9,9,Nord
169119,14,7,13,000,2018,08,15,5,2,5,3,0,0,1,0,1,0,0,0,"730992,761999999990000","5688490,185999999800000",12.313791985000023,51.30078622700006,5,5,5,Südwest
169120,14,7,13,000,2018,08,09,5,3,4,6,0,0,1,0,0,0,0,0,"737878,345100000040000","5692891,953099999600000",12.41532245600007,51.337462017000064,2,2,2,Ost
169122,14,7,13,000,2018,08,17,5,3,4,6,0,1,0,0,0,1,0,1,"735392,441100000050000","5691130,895300000000000",12.37853500400007,51.32268856500008,4,4,4,Süd
169125,14,7,13,000,2018,08,15,5,3,5,3,0,1,1,0,0,0,0,0,"739081,957500000020000","5689366,753499999600000",12.430206284000064,51.30531557900008,3,3,3,Südost
169126,14,7,13,000,2018,08,18,5,3,5,2,0,1,1,0,0,0,0,1,"734407,033700000030000","5692972,021300000100000",12.365629022000064,51.33962218600004,0,0,0,Mitte
169128,14,7,13,000,2018,08,15,5,2,5,3,0,1,0,0,1,0,0,0,"735174,168700000040000","5693484,160400000400000",12.376961280000046,51.343902582000055,0,0,0,Mitte
169129,14,7,13,000,2018,08,14,5,3,5,3,0,1,1,0,0,0,0,0,"734569,340100000030000","5692132,836600000000000",12.367402554000023,51.33202236900007,0,0,0,Mitte
169135,14,7,13,000,2018,08,11,6,3,5,3,0,1,1,0,0,0,0,0,"735298,833800000020000","5690247,097900000400000",12.376610822000032,51.31479398300007,4,4,4,Süd
169156,14,7,13,000,2018,08,10,4,3,5,2,0,1,1,0,0,0,0,0,"733391,984199999950000","5692148,917000000400000",12.350542444000041,51.33265103200006,5,5,5,Südwest
169158,14,7,13,000,2018,08,13,4,3,6,4,0,1,0,1,0,0,0,0,"734828,057099999980000","5695604,850999999800000",12.373399881000068,51.363081728000054,9,9,9,Nord
169159,14,7,13,000,2018,08,17,4,2,5,3,0,1,1,0,0,0,0,0,"734477,684200000020000","5693078,046299999600000",12.366711346000045,51.34054478500008,0,0,0,Mitte
169160,14,7,13,000,2018,08,16,4,3,5,3,0,1,1,0,0,0,0,0,"738704,027699999980000","5691059,574199999700000",12.425927142000035,51.320668803000046,3,3,3,Südost
169162,14,7,13,000,2018,08,18,4,2,3,3,0,1,1,0,0,0,0,0,"737280,274500000060000","5696670,628399999800000",12.409271498000066,51.37162938400007,1,1,1,Nordost
169163,14,7,13,000,2018,08,14,4,3,2,2,0,0,1,0,0,0,1,0,"735310,302299999980000","5692605,676699999700000",12.378332039000043,51.335960698000065,0,0,0,Mitte
169165,14,7,13,000,2018,08,18,5,3,3,7,0,1,1,0,0,0,0,1,"735157,978699999980000","5692921,104799999900000",12.376357448000022,51.33885509700008,0,0,0,Mitte
169176,14,7,13,000,2018,08,12,2,3,8,1,0,0,0,0,1,0,0,0,"734793,888200000040000","5693574,454400000200000",12.371570376000022,51.344870264000065,0,0,0,Mitte
169179,14,7,13,000,2018,08,16,2,3,2,6,0,1,1,0,0,0,0,0,"735466,497699999950000","5691876,113099999700000",12.380088215000058,51.32934725100006,0,0,0,Mitte
169183,14,7,13,000,2018,08,11,2,3,4,3,0,0,1,0,1,0,0,0,"737714,638000000040000","5692547,105999999700000",12.412746416000061,51.334435116000066,2,2,2,Ost
169188,14,7,13,000,2018,08,11,6,3,3,2,0,1,1,0,0,0,0,0,"737378,301199999990000","5693161,533300000200000",12.408336417000044,51.34009072500004,2,2,2,Ost
169196,14,7,13,000,2018,08,08,3,3,3,5,0,1,1,0,0,0,0,0,"735318,595399999990000","5689567,109799999700000",12.376445341000021,51.308681973000034,4,4,4,Süd
169198,14,7,13,000,2018,08,15,3,3,5,2,0,0,1,0,1,0,0,0,"736568,471800000060000","5697197,248399999900000",12.399414063000052,51.376653273000045,1,1,1,Nordost
169199,14,7,13,000,2018,08,07,3,2,5,3,0,1,1,0,0,0,0,1,"732593,667999999950000","5691593,984000000200000",12.338740654000048,51.32799657500004,5,5,5,Südwest
169202,14,7,13,000,2018,08,17,3,2,5,2,0,1,1,0,0,0,0,0,"730619,287000000010000","5689626,972600000000000",12.309178408000037,51.31114256600006,5,5,5,Südwest
169209,14,7,13,000,2018,08,21,5,3,5,3,2,1,1,0,0,0,0,1,"736341,871599999950000","5692763,019799999900000",12.393218766000075,51.33694530000008,0,0,0,Mitte
169214,14,7,13,000,2018,08,16,4,3,2,6,0,0,1,0,0,0,0,0,"739769,716699999990000","5695389,958700000300000",12.444107667000026,51.35908914100003,2,2,2,Ost
169220,14,7,13,000,2018,08,15,5,3,5,3,0,1,1,0,0,0,0,1,"732825,349999999980000","5691190,541000000200000",12.341796716000033,51.32428022000005,5,5,5,Südwest
169243,14,7,13,000,2018,08,19,6,3,3,3,0,1,0,0,0,0,1,0,"733079,818899999950000","5690611,757399999500000",12.345064122000053,51.318980485000054,5,5,5,Südwest
169244,14,7,13,000,2018,08,09,2,3,1,5,0,1,0,0,0,0,1,0,"735228,482199999970000","5693938,244300000400000",12.378039734000026,51.34795612000005,0,0,0,Mitte
169246,14,7,13,000,2018,08,14,2,3,1,3,0,1,1,0,0,0,0,0,"730676,452399999950000","5690339,469800000100000",12.31045799800006,51.31751548700004,5,5,5,Südwest
169248,14,7,13,000,2018,08,18,2,3,1,3,0,1,1,0,0,0,0,0,"737069,585199999970000","5691321,725800000100000",12.402688169000044,51.32370519300008,3,3,3,Südost
169249,14,7,13,000,2018,08,19,2,2,5,3,0,1,1,0,0,0,0,0,"735285,919899999980000","5690883,986800000100000",12.376846043000057,51.32051628000005,4,4,4,Süd
169253,14,7,13,000,2018,08,09,4,3,3,5,0,1,1,0,0,0,0,0,"735596,286199999970000","5692587,919099999600000",12.382418468000026,51.335682904000066,0,0,0,Mitte
169262,14,7,13,000,2018,08,11,4,2,3,2,0,0,1,0,0,0,1,0,"736706,545000000040000","5689657,496000000300000",12.396382717000051,51.30891788900004,4,4,4,Süd
169267,14,7,13,000,2018,09,04,5,3,5,3,2,0,1,0,0,0,1,0,"737638,192999999970000","5692162,753700000200000",12.41139468800003,51.33101710200003,3,3,3,Südost
169268,14,7,13,000,2018,09,16,4,2,5,3,0,1,1,0,0,0,0,0,"736065,076000000000000","5688533,391300000300000",12.386452372000065,51.29909394200007,4,4,4,Süd
169270,14,7,13,000,2018,09,02,1,3,0,7,2,1,0,0,0,0,0,0,"740550,579099999970000","5689127,365600000100000",12.45107495800005,51.30254832000003,3,3,3,Südost
169280,14,7,13,000,2018,09,16,7,3,6,6,0,0,1,1,0,0,0,0,"729876,220800000010000","5693726,916899999600000",12.301179766000075,51.34824860700007,7,7,7,Alt-West
169296,14,7,13,000,2018,09,08,6,3,6,7,0,1,0,1,0,0,0,0,"737492,394500000050000","5691832,164800000400000",12.409085365000067,51.32811060600005,3,3,3,Südost
169297,14,7,13,000,2018,09,13,7,3,4,2,0,1,0,0,0,0,1,0,"732333,255499999970000","5691372,830099999900000",12.334865235000052,51.326117744000044,5,5,5,Südwest
169299,14,7,13,000,2018,09,15,4,3,6,4,0,1,0,1,0,0,0,0,"731875,025600000050000","5689199,527499999900000",12.326886820000027,51.306795313000066,5,5,5,Südwest
169302,14,7,13,000,2018,09,14,3,3,5,2,0,1,1,0,0,0,0,0,"728559,055300000010000","5690489,968799999900000",12.280221209000047,51.319720903000075,6,6,6,West
169307,14,7,13,000,2018,09,07,6,3,0,1,0,1,0,0,0,0,0,0,"735078,478699999980000","5692048,540599999900000",12.374642379000022,51.33105550600004,0,0,0,Mitte
169309,14,7,13,000,2018,09,14,6,3,1,6,0,0,1,0,0,0,0,0,"734788,161199999970000","5692725,872000000400000",12.370928861000039,51.33725541700005,0,0,0,Mitte
169310,14,7,13,000,2018,09,10,3,1,0,1,0,0,1,0,0,0,0,0,"731883,908799999980000","5698633,006799999600000",12.333159075000026,51.39147379000008,8,8,8,Nordwest
169311,14,7,13,000,2018,09,15,6,3,5,3,0,1,1,0,0,0,0,0,"731973,253799999950000","5693978,688900000400000",12.331404252000027,51.349656854000045,7,7,7,Alt-West
169312,14,7,13,000,2018,09,11,7,3,5,2,0,1,0,0,1,0,0,0,"730181,981700000000000","5689968,314799999800000",12.303134936000049,51.31438382300007,5,5,5,Südwest
169313,14,7,13,000,2018,09,15,6,3,5,3,0,1,0,0,0,0,0,0,"731779,808800000000000","5691736,264200000100000",12.327171915000065,51.32960597400006,5,5,5,Südwest
169315,14,7,13,000,2018,09,08,6,2,5,3,0,1,1,0,0,0,0,0,"736071,175300000000000","5689665,520100000300000",12.387288548000072,51.30925375000004,4,4,4,Süd
169317,14,7,13,000,2018,09,01,6,3,1,7,2,1,1,0,0,0,0,0,"737994,314699999990000","5691159,158099999700000",12.415827131000071,51.32185994000008,3,3,3,Südost
169318,14,7,13,000,2018,09,08,6,3,5,3,0,1,1,0,0,0,0,0,"738015,876999999980000","5692043,714700000400000",12.416726652000023,51.329790701000036,2,2,2,Ost
169319,14,7,13,000,2018,09,18,3,3,5,2,0,1,1,0,0,0,0,0,"736665,657000000010000","5689869,093500000400000",12.39593750000006,51.31083423300004,4,4,4,Süd
169320,14,7,13,000,2018,09,09,6,3,2,6,0,0,1,0,0,0,0,0,"731656,648599999960000","5696554,651999999800000",12.328543203000038,51.37290978200008,8,8,8,Nordwest
169321,14,7,13,000,2018,09,17,3,3,6,4,0,0,0,1,1,0,0,0,"736221,457700000030000","5693689,073099999700000",12.392107434000025,51.34530777300006,0,0,0,Mitte
169322,14,7,13,000,2018,09,13,6,3,5,3,0,1,1,0,0,0,0,0,"737627,984199999950000","5695336,841199999700000",12.413366735000068,51.35951200100004,1,1,1,Nordost
169324,14,7,13,000,2018,09,09,6,2,4,2,0,0,1,0,0,1,0,0,"738792,614999999990000","5696082,187300000300000",12.430564119000053,51.36571388700003,1,1,1,Nordost
169325,14,7,13,000,2018,09,09,3,3,0,5,0,1,0,0,0,1,0,0,"735045,699999999950000","5691756,217100000000000",12.373979904000066,51.328445042000055,0,0,0,Mitte
169337,14,7,13,000,2018,09,16,6,3,3,6,0,0,1,0,0,0,0,0,"736179,615800000030000","5689665,712200000000000",12.38884172400003,51.30921049500006,4,4,4,Süd
169339,14,7,13,000,2018,09,12,5,3,3,6,0,1,1,0,0,0,0,0,"737438,880000000000000","5693009,428399999600000",12.409103172000073,51.33870013300003,2,2,2,Ost
169340,14,7,13,000,2018,09,07,4,3,3,2,0,1,1,0,0,0,0,0,"735243,560599999970000","5692297,705299999600000",12.377172272000053,51.33322385000008,0,0,0,Mitte
169350,14,7,13,000,2018,09,17,6,3,5,3,0,1,1,0,0,0,0,0,"737346,293999999990000","5688909,809999999600000",12.405047517000071,51.301940192000075,4,4,4,Süd
169359,14,7,13,000,2018,09,16,5,3,3,6,0,1,1,0,0,0,0,0,"730863,308500000040000","5685158,627200000000000",12.309785377000026,51.27093121000007,5,5,5,Südwest
169364,14,7,13,000,2018,09,07,5,3,6,4,0,0,1,1,0,0,0,0,"731699,230600000010000","5690704,184399999700000",12.325346479000075,51.32037398600005,5,5,5,Südwest
169372,14,7,13,000,2018,09,11,7,2,6,6,0,1,0,1,0,0,0,0,"732712,415999999970000","5695080,682000000000000",12.342720739000072,51.359246932000076,0,0,0,Mitte
169394,14,7,13,000,2018,09,12,4,3,2,5,0,1,1,0,0,0,0,0,"732517,044299999950000","5691912,189199999900000",12.337850383000045,51.33088433800003,5,5,5,Südwest
169396,14,7,13,000,2018,09,08,4,3,0,1,0,1,0,0,0,0,1,0,"736357,213499999950000","5693582,125699999700000",12.393982206000032,51.34429137300003,0,0,0,Mitte
169398,14,7,13,000,2018,09,09,4,2,5,2,0,1,1,0,0,0,0,0,"731155,413999999990000","5693988,988199999600000",12.31968702000006,51.350082472000054,7,7,7,Alt-West
169401,14,7,13,000,2018,09,19,5,3,5,7,1,0,1,0,0,0,0,0,"737181,363299999970000","5693758,457600000300000",12.405911670000023,51.34553093800008,2,2,2,Ost
169402,14,7,13,000,2018,09,15,4,3,2,2,0,1,0,0,0,0,0,0,"731755,652800000040000","5696411,744900000300000",12.32986999600007,51.37158655500008,8,8,8,Nordwest
169403,14,7,13,000,2018,09,21,4,3,5,3,1,1,0,0,0,0,0,0,"730673,727100000020000","5695950,817499999900000",12.314053820000026,51.36788929000005,8,8,8,Nordwest
169405,14,7,13,000,2018,09,12,4,3,5,3,0,0,1,0,0,0,0,0,"735262,925200000060000","5695216,250300000400000",12.379378277000058,51.35941363900008,0,0,0,Mitte
169408,14,7,13,000,2018,09,18,4,3,5,3,0,1,1,0,0,0,0,0,"735314,112500000050000","5692454,015300000100000",12.378286466000077,51.33459775800003,0,0,0,Mitte
169409,14,7,13,000,2018,09,15,6,3,5,3,0,1,1,0,0,0,0,0,"734291,100400000000000","5695623,848799999800000",12.365713104000065,51.36347393200003,9,9,9,Nord
169410,14,7,13,000,2018,09,14,4,3,5,3,0,0,1,0,1,0,0,0,"738042,364100000010000","5691164,360899999700000",12.416518921000034,51.32188654200007,3,3,3,Südost
169411,14,7,13,000,2018,09,16,2,3,5,3,0,1,1,0,0,0,0,0,"731708,027099999950000","5692456,277400000000000",12.326611588000048,51.33609864600004,7,7,7,Alt-West
169412,14,7,13,000,2018,09,06,4,2,3,2,1,1,1,0,0,0,0,0,"732978,748099999970000","5694174,899600000100000",12.345946358000049,51.351006950000055,0,0,0,Mitte
169414,14,7,13,000,2018,09,06,4,3,4,6,1,1,0,0,0,0,0,0,"734634,530400000050000","5692151,805300000100000",12.368349160000037,51.33216575300003,0,0,0,Mitte
169415,14,7,13,000,2018,09,12,5,3,6,6,0,1,0,1,0,0,0,0,"737919,270400000040000","5697064,160299999600000",12.41869852000002,51.37489439800004,1,1,1,Nordost
169416,14,7,13,000,2018,09,15,4,3,5,3,0,1,1,0,0,0,0,0,"735161,403900000030000","5693239,358599999900000",12.376616668000054,51.341710437000074,0,0,0,Mitte