OBJECTID_1,ULAND,UREGBEZ,UKREIS,UGEMEINDE,UJAHR,UMONAT,USTUNDE,UWOCHENTAG,UKATEGORIE,UART,UTYP1,ULICHTVERH,IstRad,IstPKW,IstFuss,IstKrad,IstGkfz,IstSonstig,STRZUSTAND,LINREFX,LINREFY,XGCSWGS84,YGCSWGS84,index_right,FID,SBZ,Name
170630,14,7,13,000,2018,11,17,2,3,2,6,2,0,1,0,0,0,0,0,"733752,977599999980000","5693698,322200000300000",12.356732133000037,51.34641108400007,0,0,0,Mitte
170631,14,7,13,000,2018,11,16,2,3,0,7,0,1,0,0,0,0,0,0,"735937,924400000020000","5693817,471199999600000",12.388128668000036,51.346578038000075,0,0,0,Mitte
170633,14,7,13,000,2018,11,12,2,3,0,7,0,1,1,0,0,0,0,0,"732392,005800000040000","5691545,664599999800000",12.335819679000053,51.32764524000004,5,5,5,Südwest
170634,14,7,13,000,2018,11,07,2,3,0,1,1,1,0,0,0,0,0,1,"731762,813500000050000","5689971,958300000100000",12.325781521000067,51.31377501000003,5,5,5,Südwest
170636,14,7,13,000,2018,11,17,2,3,1,5,2,1,1,0,0,0,0,0,"734287,614500000030000","5696191,170900000300000",12.366036867000048,51.36856788400007,9,9,9,Nord
170638,14,7,13,000,2018,11,15,2,3,6,4,0,0,1,1,0,0,0,0,"737932,228299999960000","5695246,739500000100000",12.417668398000046,51.35857594700008,1,1,1,Nordost
170655,14,7,13,000,2018,11,15,1,2,3,6,0,1,0,0,0,0,0,0,"736175,011399999960000","5691067,220700000400000",12.389703816000065,51.321792722000055,0,0,0,Mitte
170662,14,7,13,000,2018,12,07,2,3,6,4,2,0,1,1,0,0,0,1,"735721,870000000000000","5695501,623399999900000",12.386147423000068,51.36178502100006,9,9,9,Nord
170663,14,7,13,000,2018,12,16,2,3,5,3,1,1,1,0,0,0,0,1,"735836,721000000020000","5694978,974999999600000",12.387447703000078,51.35704595800007,9,9,9,Nord
170665,14,7,13,000,2018,12,15,2,3,5,3,0,0,1,0,0,0,0,0,"733742,178500000040000","5692479,299700000300000",12.355777283000066,51.33547292600008,0,0,0,Mitte
170666,14,7,13,000,2018,12,16,2,3,5,2,2,1,1,0,0,0,0,1,"734745,834700000010000","5690775,036399999600000",12.369037363000075,51.31976135100007,4,4,4,Süd
170668,14,7,13,000,2018,12,13,2,3,2,2,0,0,1,0,0,0,0,0,"738461,854999999980000","5690286,201000000400000",12.421940980000045,51.31382857300008,3,3,3,Südost
170670,14,7,13,000,2018,12,15,2,2,0,1,0,1,1,0,0,0,0,1,"736982,735899999970000","5692319,534300000400000",12.402107429000068,51.33269783500003,3,3,3,Südost
170697,14,7,13,000,2018,12,22,1,3,9,1,2,0,1,0,0,0,0,1,"736296,156599999990000","5694100,822900000000000",12.393451364000043,51.34897267300005,0,0,0,Mitte
170699,14,7,13,000,2018,12,08,3,3,3,2,0,1,1,0,0,0,0,1,"734190,003600000050000","5692885,761900000300000",12.36246193900007,51.33893730200003,0,0,0,Mitte
170700,14,7,13,000,2018,12,16,1,2,6,2,2,0,1,1,0,0,0,1,"737015,495499999960000","5697119,868499999900000",12.405773874000033,51.375772322000046,1,1,1,Nordost
170701,14,7,13,000,2018,12,08,3,3,5,3,0,0,1,0,0,0,0,1,"732437,393000000040000","5691678,161999999500000",12.336556405000067,51.32881609200007,5,5,5,Südwest
170703,14,7,13,000,2018,12,10,3,3,5,3,0,0,1,0,0,0,0,1,"735249,805900000040000","5688918,929700000200000",12.375032874000055,51.30289207200008,4,4,4,Süd
170705,14,7,13,000,2018,12,20,3,3,3,7,2,0,1,0,0,0,1,1,"736084,947000000040000","5692632,276999999800000",12.389450324000052,51.33587843600003,0,0,0,Mitte
170707,14,7,13,000,2018,12,16,3,3,6,4,2,0,1,1,0,0,0,1,"738679,329499999990000","5693631,903699999700000",12.427296364000028,51.343768124000064,2,2,2,Ost
170708,14,7,13,000,2018,12,22,3,3,6,2,2,0,0,1,0,0,1,1,"734776,849000000050000","5692495,038999999900000",12.370614623000051,51.335188036000034,0,0,0,Mitte
170710,14,7,13,000,2018,12,09,3,2,2,2,0,1,1,0,0,0,0,1,"735444,621999999970000","5691683,061999999900000",12.379647246000047,51.32762341400007,0,0,0,Mitte
170717,14,7,13,000,2018,12,10,7,3,3,6,0,0,1,0,1,0,0,1,"735152,095300000040000","5693637,169300000200000",12.376745958000072,51.34528517200005,0,0,0,Mitte
170720,14,7,13,000,2018,12,12,7,3,2,1,0,0,1,0,1,0,0,1,"734825,339599999950000","5692537,613099999700000",12.371337555000025,51.33555017900005,0,0,0,Mitte
170726,14,7,13,000,2018,12,16,4,2,5,3,2,0,1,0,0,0,1,1,"737839,404699999960000","5695037,288499999800000",12.416197614000055,51.356734782000046,1,1,1,Nordost
170732,14,7,13,000,2018,12,07,4,3,5,2,0,1,0,0,0,0,1,1,"734776,849000000050000","5692495,038999999900000",12.370614623000051,51.335188036000034,0,0,0,Mitte
170739,14,7,13,000,2018,12,05,4,3,5,3,2,0,1,0,0,0,0,1,"734606,223400000020000","5692453,054100000300000",12.368141905000073,51.33488157000005,0,0,0,Mitte
170741,14,7,13,000,2018,11,15,6,3,6,4,0,0,1,1,0,0,0,1,"739735,483800000050000","5691794,839399999900000",12.441196643000069,51.326834768000026,2,2,2,Ost
170743,14,7,13,000,2018,11,06,6,3,6,4,2,0,1,1,0,0,0,0,"731867,611999999960000","5696448,691300000100000",12.331499805000021,51.37187252000007,8,8,8,Nordwest
170746,14,7,13,000,2018,11,13,6,3,5,3,0,0,1,0,0,0,0,1,"739940,544299999950000","5694096,907499999700000",12.445684964000066,51.34741102700008,2,2,2,Ost
170748,14,7,13,000,2018,11,14,6,2,6,4,0,0,1,1,0,0,0,1,"735142,553599999980000","5693735,272800000400000",12.376673986000071,51.34616972900005,0,0,0,Mitte
170751,14,7,13,000,2018,12,06,2,3,5,3,2,1,1,0,0,0,0,1,"732961,861000000030000","5692856,990000000200000",12.344841994000035,51.339183485000035,7,7,7,Alt-West
170753,14,7,13,000,2018,12,14,2,3,2,2,0,0,1,0,0,0,0,1,"737334,941499999960000","5691471,511500000000000",12.406589359000066,51.32493906000008,3,3,3,Südost
170755,14,7,13,000,2018,12,17,2,3,6,7,2,0,1,1,0,0,0,0,"734836,240899999980000","5693915,185499999700000",12.372402159000046,51.347911303000046,0,0,0,Mitte
170756,14,7,13,000,2018,12,09,2,2,5,3,0,0,1,0,1,0,0,0,"731779,922600000050000","5691739,860299999800000",12.327175884000042,51.32963820900005,5,5,5,Südwest
170764,14,7,13,000,2018,12,16,4,3,5,2,2,0,1,0,0,0,0,1,"729335,177400000040000","5690834,655700000000000",12.291561927000032,51.32250295000006,6,6,6,West
170774,14,7,13,000,2018,11,17,5,3,6,4,2,0,1,1,0,0,0,0,"732438,549899999980000","5691681,542200000000000",12.33657518700005,51.32884596200006,5,5,5,Südwest
170776,14,7,13,000,2018,11,19,5,3,3,7,2,0,1,0,1,0,0,0,"734821,861799999960000","5694092,139000000400000",12.372312775000069,51.34950564400003,0,0,0,Mitte
170782,14,7,13,000,2018,11,19,5,2,6,2,2,0,1,1,0,0,0,0,"732392,010099999960000","5696300,600700000300000",12.338923890000046,51.37032885100007,8,8,8,Nordwest
170783,14,7,13,000,2018,11,09,5,2,5,3,0,0,1,0,0,0,0,0,"737280,528300000010000","5693756,187900000300000",12.407331458000044,51.34546918700005,2,2,2,Ost
170785,14,7,13,000,2018,11,17,5,3,5,2,2,1,1,0,0,0,0,0,"734771,941600000020000","5693730,095599999700000",12.37135844100004,51.34627642300006,0,0,0,Mitte
170788,14,7,13,000,2018,11,06,5,3,7,7,2,1,0,0,0,0,0,0,"734027,238099999960000","5696758,502799999900000",12.362676381000028,51.37376782700005,9,9,9,Nord
170805,14,7,13,000,2018,12,20,1,3,4,2,2,1,1,0,0,0,0,0,"736341,052999999960000","5692763,145200000100000",12.393207118000078,51.33694676600004,0,0,0,Mitte
170807,14,7,13,000,2018,12,23,1,3,3,1,2,0,1,0,1,0,0,0,"729008,039100000050000","5693904,506400000300000",12.28884842900004,51.350193266000076,7,7,7,Alt-West
170821,14,7,13,000,2018,11,14,4,3,2,2,0,0,1,0,0,0,0,0,"732210,043999999990000","5698975,150000000400000",12.338062237000031,51.394411750000074,8,8,8,Nordwest
170824,14,7,13,000,2018,11,07,4,3,2,6,0,0,1,0,0,0,0,0,"737272,003799999950000","5692313,994699999700000",12.406248576000053,51.332527517000074,3,3,3,Südost
170827,14,7,13,000,2018,11,11,4,3,2,6,0,0,1,0,0,0,0,0,"735100,404199999990000","5693972,183899999600000",12.376226291000023,51.34831375500005,0,0,0,Mitte
170829,14,7,13,000,2018,11,18,4,3,5,3,2,1,1,0,0,0,0,0,"735113,948300000050000","5688742,197999999900000",12.37297099400007,51.30136176500008,4,4,4,Süd
170838,14,7,13,000,2018,12,16,6,3,6,7,0,0,1,1,0,0,0,0,"735169,952399999950000","5693140,621000000300000",12.376673985000025,51.34082059900004,0,0,0,Mitte
170840,14,7,13,000,2018,12,06,6,3,6,4,1,0,1,1,0,0,0,1,"734573,167600000040000","5692132,427000000100000",12.367457129000059,51.33201711400005,0,0,0,Mitte
170844,14,7,13,000,2018,12,17,6,2,4,2,2,0,1,0,0,0,0,1,"742506,577000000050000","5691940,157999999800000",12.480993818000059,51.326964642000064,2,2,2,Ost
170846,14,7,13,000,2018,12,13,6,3,6,4,0,1,0,1,0,0,0,1,"735306,941600000020000","5692215,143299999600000",12.378025953000076,51.33245652700003,0,0,0,Mitte
170849,14,7,13,000,2018,12,19,6,3,1,3,2,1,0,0,0,0,0,1,"734663,046699999950000","5691320,541799999800000",12.36821045000005,51.32469220100006,4,4,4,Süd
170853,14,7,13,000,2018,11,09,3,3,2,6,0,0,1,0,0,0,1,0,"737249,683399999980000","5692228,778699999700000",12.405872017000036,51.33177192100004,3,3,3,Südost
170854,14,7,13,000,2018,12,19,6,3,5,2,2,1,1,0,0,0,0,1,"735589,107100000020000","5692242,833900000000000",12.382087409000064,51.33258828800007,0,0,0,Mitte
170855,14,7,13,000,2018,11,14,3,3,5,3,0,0,1,0,0,0,0,0,"737898,537499999980000","5702242,305599999600000",12.421871431000056,51.42138135600004,9,9,9,Nord
170857,14,7,13,000,2018,12,11,6,3,5,3,0,0,1,0,0,1,0,1,"736724,079099999970000","5689060,837799999900000",12.396238035000067,51.30355486500008,4,4,4,Süd
170858,14,7,13,000,2018,11,08,3,3,6,4,0,0,1,1,0,0,0,1,"734147,311899999970000","5696465,683199999900000",12.36420563400003,51.37108986800007,9,9,9,Nord
170859,14,7,13,000,2018,11,17,3,3,2,4,2,1,1,1,0,0,0,0,"738549,295999999970000","5690968,129200000300000",12.42364948200003,51.319912884000075,3,3,3,Südost
170860,14,7,13,000,2018,12,14,2,3,5,3,0,1,1,0,0,0,0,1,"734409,850499999940000","5692666,329099999700000",12.365468220000025,51.33687699300003,0,0,0,Mitte
170861,14,7,13,000,2018,12,16,6,3,6,4,2,0,1,1,0,0,0,1,"735816,085399999980000","5692885,877899999700000",12.38576542100003,51.33826636900005,0,0,0,Mitte
170862,14,7,13,000,2018,11,13,3,3,5,3,0,0,1,0,0,0,0,0,"736047,862300000040000","5688178,156100000300000",12.385971041000062,51.29591237000005,4,4,4,Süd
170863,14,7,13,000,2018,12,17,4,3,4,2,2,1,1,0,0,0,0,1,"733497,905600000060000","5695760,882700000000000",12.354429419000041,51.36503055000003,9,9,9,Nord
170865,14,7,13,000,2018,11,16,3,2,1,5,1,1,1,0,0,0,0,0,"735951,783999999990000","5692240,520999999700000",12.387282661000029,51.33241719500006,0,0,0,Mitte
170868,14,7,13,000,2018,12,06,2,3,2,2,1,0,1,0,0,0,0,1,"737373,724799999970000","5693158,542100000200000",12.408268839000073,51.34006578600008,2,2,2,Ost
170872,14,7,13,000,2018,12,06,2,3,5,2,2,1,1,0,0,0,0,1,"734525,610200000000000","5693149,809100000200000",12.36744546500006,51.34116919500008,0,0,0,Mitte
170877,14,7,13,000,2018,12,11,2,3,2,6,0,0,1,0,0,0,0,1,"730399,709900000020000","5689796,533900000200000",12.306142820000048,51.312753643000065,5,5,5,Südwest
170879,14,7,13,000,2018,11,17,2,2,5,3,2,1,1,0,0,0,0,0,"736542,177999999960000","5690723,877700000100000",12.394735891000039,51.318558290000055,0,0,0,Mitte
170882,14,7,13,000,2018,11,18,2,3,5,3,2,0,1,0,0,0,0,0,"735606,478099999950000","5694416,329500000000000",12.383774294000034,51.35209100800006,0,0,0,Mitte
170884,14,7,13,000,2018,11,07,2,3,2,6,0,0,1,0,0,0,1,0,"731858,459700000010000","5689281,946899999900000",12.326703119000058,51.307541927000045,5,5,5,Südwest
170889,14,7,13,000,2018,12,08,5,3,5,3,1,1,1,0,0,0,0,1,"732552,154699999960000","5692612,912700000200000",12.338810856000066,51.337160174000076,7,7,7,Alt-West
170891,14,7,13,000,2018,12,17,5,3,5,3,2,1,1,0,0,0,0,0,"734518,930000000050000","5695446,686999999900000",12.368863116000057,51.36178966600005,9,9,9,Nord
170894,14,7,13,000,2018,12,13,5,3,5,3,0,0,1,0,0,0,0,0,"734755,485800000020000","5691171,385099999600000",12.369436581000059,51.32331517100005,4,4,4,Süd
170895,14,7,13,000,2018,12,22,5,3,5,3,2,1,0,0,0,0,1,0,"735333,160000000030000","5692189,310399999800000",12.37838457600003,51.33221379500003,0,0,0,Mitte
170911,14,7,13,000,2018,11,17,7,3,6,4,1,0,0,1,0,0,1,0,"735111,242300000040000","5694177,366200000000000",12.376517161000038,51.35015105800005,0,0,0,Mitte
170915,14,7,13,000,2018,12,16,4,3,4,2,1,1,1,0,0,0,0,0,"734955,721999999950000","5698640,342500000300000",12.377237104000073,51.39027641800004,9,9,9,Nord
170917,14,7,13,000,2018,11,11,6,3,6,2,0,0,1,1,0,0,0,0,"740179,800000000050000","5693908,135999999900000",12.448986791000038,51.34561564900008,2,2,2,Ost
170918,14,7,13,000,2018,12,18,4,2,5,3,2,1,1,0,0,0,0,0,"735322,918500000030000","5692592,156999999700000",12.378503900000055,51.33583412100006,0,0,0,Mitte
170919,14,7,13,000,2018,11,11,6,3,5,3,0,1,1,0,0,0,0,0,"732285,057000000030000","5698933,151999999800000",12.339111120000041,51.39400405300006,8,8,8,Nordwest
170920,14,7,13,000,2018,12,10,2,3,2,2,0,0,1,0,0,0,0,1,"732609,153100000000000","5692304,327499999700000",12.339426217000039,51.33436678800007,7,7,7,Alt-West
170921,14,7,13,000,2018,12,09,4,3,6,2,0,0,1,1,0,0,0,0,"734475,022600000030000","5693079,779900000400000",12.366674342000067,51.34056144400006,0,0,0,Mitte
170922,14,7,13,000,2018,11,17,6,3,6,7,2,0,1,1,0,0,0,0,"733007,176300000050000","5691552,300900000100000",12.344638217000067,51.327453183000046,5,5,5,Südwest
170923,14,7,13,000,2018,11,20,6,3,7,1,2,0,0,0,1,0,0,0,"729763,522299999950000","5691142,265300000100000",12.297897138000053,51.32509158100004,6,6,6,West
170926,14,7,13,000,2018,11,11,6,3,6,4,0,1,0,1,0,0,0,0,"731804,485600000010000","5693130,649500000300000",12.328432813000063,51.342113038000036,7,7,7,Alt-West
170927,14,7,13,000,2018,12,15,4,3,2,2,0,0,1,0,0,0,0,0,"738351,371000000040000","5692369,406999999700000",12.421751313000073,51.33257362400008,2,2,2,Ost
170928,14,7,13,000,2018,12,14,4,3,5,3,0,0,1,0,0,0,0,0,"741024,132400000000000","5695325,465400000100000",12.462047464000023,51.35797962700008,2,2,2,Ost
170960,14,7,13,000,2018,12,07,3,3,3,2,1,1,0,0,0,0,1,1,"730164,116700000010000","5693308,890300000100000",12.305036524000059,51.344379493000076,7,7,7,Alt-West
170962,14,7,13,000,2018,12,11,4,2,6,4,0,0,1,1,0,0,0,1,"742038,856299999980000","5693996,539099999700000",12.475690435000047,51.34562072400007,2,2,2,Ost
170963,14,7,13,000,2018,12,11,3,3,6,2,0,0,1,1,0,0,0,1,"736917,661599999990000","5690791,823400000100000",12.40015961000006,51.31901198600008,0,0,0,Mitte
170965,14,7,13,000,2018,11,16,5,3,5,3,0,1,1,0,0,0,0,0,"736337,659400000000000","5692057,955299999600000",12.392690720000076,51.33061824600003,0,0,0,Mitte
170966,14,7,13,000,2018,12,05,3,2,6,4,2,0,1,1,0,0,0,1,"736232,004700000050000","5693695,058600000100000",12.392262574000029,51.34535711800004,0,0,0,Mitte
170967,14,7,13,000,2018,11,20,5,3,5,3,2,1,1,0,0,0,0,0,"737941,928700000050000","5695402,980899999800000",12.417911963000051,51.359974298000054,1,1,1,Nordost
170968,14,7,13,000,2018,12,19,3,3,6,2,2,0,1,1,0,0,0,0,"735322,920399999940000","5692591,618700000500000",12.378503572000056,51.33582928800007,0,0,0,Mitte
170969,14,7,13,000,2018,11,08,5,3,5,2,0,1,1,0,0,0,0,1,"732239,961000000010000","5692831,710699999700000",12.334479421000026,51.339251844000046,7,7,7,Alt-West
170971,14,7,13,000,2018,11,16,5,3,6,4,1,0,1,1,0,0,0,0,"735057,642699999970000","5692574,399500000300000",12.374690746000056,51.33578442400005,0,0,0,Mitte
170975,14,7,13,000,2018,12,09,2,2,6,2,0,0,0,1,0,0,1,0,"731448,544200000000000","5696545,407200000200000",12.325552462000076,51.37291163500004,8,8,8,Nordwest
170980,14,7,13,000,2018,12,08,1,3,8,1,0,0,1,0,0,0,0,1,"736286,647000000000000","5694094,611999999700000",12.393310932000077,51.34892087600008,0,0,0,Mitte
170987,14,7,13,000,2018,12,14,7,3,3,2,0,0,1,0,0,0,0,1,"735273,363999999940000","5691580,961500000200000",12.377126145000034,51.32677777400005,0,0,0,Mitte
170989,14,7,13,000,2018,12,11,7,3,2,6,0,0,1,0,0,0,0,1,"732888,538399999960000","5690892,086500000200000",12.342507055000056,51.32157522600005,5,5,5,Südwest
171001,14,7,13,000,2018,12,15,6,3,5,3,0,0,1,0,0,0,0,1,"733541,798799999990000","5694188,411999999500000",12.354026670000053,51.35089718800003,0,0,0,Mitte
171005,14,7,13,000,2018,12,18,6,3,5,2,2,0,1,0,0,0,0,1,"740523,567500000000000","5687416,851800000300000",12.449536070000022,51.28720662000006,3,3,3,Südost
171008,14,7,13,000,2018,12,11,6,3,1,5,0,1,1,0,0,0,0,1,"735057,527000000000000","5690916,548999999600000",12.373595695000063,51.32090296100006,4,4,4,Süd
171010,14,7,13,000,2018,12,07,6,3,5,2,1,1,1,0,0,0,0,1,"739737,219300000000000","5695506,372200000100000",12.443720218000067,51.36014774300003,2,2,2,Ost
171012,14,7,13,000,2018,12,16,6,3,2,6,1,0,1,0,0,0,0,0,"734765,769600000000000","5695365,802600000100000",12.37234899300006,51.36096168500006,9,9,9,Nord
171014,14,7,13,000,2018,12,15,6,3,3,5,0,0,1,0,0,0,1,1,"737144,992699999940000","5692935,375400000300000",12.404842296000027,51.338158057000044,2,2,2,Ost
171017,14,7,13,000,2018,12,13,6,3,0,7,0,0,0,1,0,0,1,0,"739972,689999999940000","5692436,563799999700000",12.445027039000024,51.332494706000034,2,2,2,Ost
171036,14,7,13,000,2018,12,19,5,3,3,6,2,0,1,0,1,0,0,1,"735589,286599999990000","5691968,762600000000000",12.381908785000064,51.330128064000064,0,0,0,Mitte
171037,14,7,13,000,2018,12,16,5,3,4,2,2,0,1,0,0,0,0,1,"735061,194499999980000","5690880,402400000000000",12.373624404000054,51.320576980000055,4,4,4,Süd
171039,14,7,13,000,2018,12,08,5,3,5,3,1,0,1,0,0,0,0,1,"736296,874799999990000","5687742,476300000200000",12.389247995000062,51.29189831900004,4,4,4,Süd
171041,14,7,13,000,2018,12,15,5,3,5,2,0,0,1,0,0,0,0,0,"734805,696600000020000","5692640,335300000400000",12.371123774000068,51.33648036500006,0,0,0,Mitte
171066,14,7,13,000,2018,12,16,4,3,5,3,2,1,1,0,0,0,0,1,"736510,713100000050000","5693463,178899999700000",12.39610323200003,51.34315985500007,0,0,0,Mitte
171068,14,7,13,000,2018,12,16,4,3,6,2,2,0,1,1,0,0,0,1,"740591,989399999960000","5691584,407399999900000",12.453325087000053,51.32458444200006,2,2,2,Ost
171098,14,7,13,000,2018,12,13,3,3,2,2,0,1,1,0,0,0,0,0,"731803,242899999950000","5691209,254700000400000",12.327164953000022,51.32486555500003,5,5,5,Südwest
171100,14,7,13,000,2018,12,16,3,3,2,6,2,0,1,0,0,0,0,0,"734252,099999999980000","5691992,090099999700000",12.362764258000027,51.33088969800008,0,0,0,Mitte
171102,14,7,13,000,2018,12,16,3,3,0,1,2,1,0,0,0,0,0,0,"735023,354500000020000","5692401,047399999600000",12.374085034000075,51.33424252100008,0,0,0,Mitte
171105,14,7,13,000,2018,12,07,3,3,5,3,0,0,1,0,0,0,0,1,"735995,966900000000000","5699800,126000000200000",12.392932333000033,51.40025523700007,9,9,9,Nord
171108,14,7,13,000,2018,12,13,3,3,5,3,0,1,1,0,0,0,0,0,"733009,106999999960000","5690592,508899999800000",12.344038572000045,51.31883665500004,5,5,5,Südwest
171110,14,7,13,000,2018,12,15,3,3,2,6,0,0,1,0,0,0,0,0,"741429,219099999990000","5695551,616399999700000",12.468008116000021,51.35983748900003,2,2,2,Ost
171113,14,7,13,000,2018,12,16,3,2,5,2,2,0,1,0,1,0,0,0,"737757,042800000050000","5693474,405899999700000",12.413972998000077,51.34274084100008,2,2,2,Ost
171146,14,7,13,000,2018,12,09,2,3,5,3,0,0,1,0,0,0,0,1,"734446,431100000050000","5692130,718399999700000",12.365639987000066,51.33205402800007,0,0,0,Mitte
171148,14,7,13,000,2018,12,13,2,3,2,6,0,0,0,0,0,1,1,0,"737918,682299999990000","5693882,719100000300000",12.416562386000066,51.346338236000065,2,2,2,Ost
171150,14,7,13,000,2018,12,07,2,3,5,2,1,1,1,0,0,0,0,0,"733856,145699999990000","5693448,302400000400000",12.358046701000035,51.34412435100006,0,0,0,Mitte
171155,14,7,13,000,2018,12,11,2,3,6,4,0,0,1,1,0,0,0,0,"740868,184499999970000","5695045,627999999600000",12.459622403000026,51.35553405300004,2,2,2,Ost
171156,14,7,13,000,2018,12,12,1,3,2,6,0,0,1,0,0,0,0,0,"732306,035400000050000","5690625,400000000400000",12.333988206000072,51.319419356000026,5,5,5,Südwest
171157,14,7,13,000,2018,12,19,2,2,1,1,2,1,1,0,0,0,0,1,"738863,170999999970000","5693671,739699999800000",12.429957866000052,51.34404848300005,2,2,2,Ost
171158,14,7,13,000,2018,12,18,2,3,3,6,2,1,0,0,0,0,1,1,"735076,599799999970000","5690878,099399999700000",12.373843573000045,51.32054994300006,4,4,4,Süd
171159,14,7,13,000,2018,12,02,1,3,6,4,2,0,1,1,0,0,0,1,"735083,193800000010000","5694961,723899999600000",12.376633211000069,51.35720331200008,0,0,0,Mitte
171160,14,7,13,000,2018,12,18,2,3,3,6,2,1,1,0,0,0,0,1,"732546,878999999960000","5691999,896599999600000",12.33833512600006,51.331659466000076,5,5,5,Südwest
171162,14,7,13,000,2018,12,18,2,1,6,2,2,0,0,1,0,1,0,1,"728898,709999999960000","5700995,386099999800000",12.291849373000048,51.413892686000054,8,8,8,Nordwest
171167,14,7,13,000,2018,12,12,7,3,2,6,0,0,1,0,0,0,0,1,"733001,104700000030000","5690593,334499999900000",12.34392447700003,51.31884734300007,5,5,5,Südwest
171177,14,7,13,000,2018,12,17,1,3,5,3,1,1,1,0,0,0,0,1,"734367,495899999980000","5694965,976200000400000",12.366375119000054,51.35753709000005,9,9,9,Nord
171179,14,7,13,000,2018,12,18,6,3,5,3,2,0,1,0,0,0,0,1,"733592,124100000020000","5694194,316399999900000",12.354751966000038,51.35092951000007,0,0,0,Mitte
171180,14,7,13,000,2018,12,18,1,2,3,7,2,0,1,0,0,0,1,1,"731261,774500000060000","5691971,662899999900000",12.319901776000052,51.33192996100007,7,7,7,Alt-West
171181,14,7,13,000,2018,12,16,6,3,2,6,2,0,1,0,0,0,0,1,"737162,098899999980000","5694217,243499999900000",12.405941184000028,51.34965706600008,0,0,0,Mitte
171182,14,7,13,000,2018,12,20,6,3,3,2,2,1,1,0,0,0,0,1,"735017,758299999990000","5695115,902200000400000",12.37579691600007,51.35861433100007,0,0,0,Mitte
171183,14,7,13,000,2018,12,15,1,3,2,6,0,0,1,0,0,0,0,1,"734357,911800000000000","5692928,417700000100000",12.364896342000065,51.339251027000046,0,0,0,Mitte
171184,14,7,13,000,2018,12,09,6,3,5,3,0,0,1,0,0,0,0,1,"729340,031800000000000","5694714,368999999900000",12.294129720000058,51.35732962000003,7,7,7,Alt-West
171185,14,7,13,000,2018,12,22,1,3,9,6,2,0,1,0,0,0,0,1,"734757,134899999950000","5687108,748599999600000",12.366787792000025,51.28684631400006,4,4,4,Süd
171196,14,7,13,000,2018,12,14,7,3,2,6,0,0,1,0,0,0,0,0,"735013,778000000050000","5692380,409000000000000",12.373934193000025,51.33406122000008,0,0,0,Mitte
171198,14,7,13,000,2018,12,16,7,3,5,7,2,1,1,0,0,0,0,0,"734842,043500000030000","5693291,590200000400000",12.372074037000061,51.34231127700008,0,0,0,Mitte
171199,14,7,13,000,2018,12,12,7,3,0,1,0,1,0,0,0,0,0,1,"734920,922999999950000","5692689,027999999900000",12.37280712300003,51.33686986500004,0,0,0,Mitte
171201,14,7,13,000,2018,12,20,7,3,4,1,2,0,1,0,0,0,1,0,"730854,093499999960000","5686162,745400000400000",12.310301937000077,51.27994896900003,5,5,5,Südwest
171203,14,7,13,000,2018,12,14,7,3,5,3,0,0,1,0,0,0,0,0,"733893,462300000010000","5696567,942200000400000",12.360632365000072,51.372112376000075,9,9,9,Nord
171208,14,7,13,000,2018,12,13,6,3,5,2,0,1,1,0,0,0,0,0,"737755,707999999980000","5690340,304999999700000",12.411863106000055,51.314609621000045,3,3,3,Südost
171209,14,7,13,000,2018,12,09,6,3,2,6,0,0,1,0,0,0,0,0,"729488,250000000000000","5689827,999099999700000",12.293107215000077,51.31340433200006,6,6,6,West
171210,14,7,13,000,2018,12,14,5,3,4,2,0,0,1,0,0,0,0,0,"735066,000600000030000","5690233,962600000200000",12.373267156000054,51.31477228500006,4,4,4,Süd
171212,14,7,13,000,2018,12,14,5,3,5,3,0,0,1,0,0,0,0,0,"729900,746999999970000","5700645,622000000400000",12.306007485000066,51.410347589000025,8,8,8,Nordwest
171213,14,7,13,000,2018,12,11,5,3,5,3,0,0,1,0,0,0,1,0,"734819,320300000020000","5696323,435999999800000",12.373749086000032,51.36953560000006,9,9,9,Nord
171214,14,7,13,000,2018,12,15,6,3,3,2,0,1,1,0,0,0,0,0,"735904,489500000030000","5694585,707100000200000",12.388158564000037,51.35348777400003,9,9,9,Nord
171238,14,7,13,000,2018,12,06,5,3,5,3,2,1,1,0,0,0,0,1,"738385,098000000000000","5691248,910000000100000",12.421485155000028,51.32250196900003,3,3,3,Südost
171241,14,7,13,000,2018,12,17,5,3,5,2,1,0,1,0,0,0,1,1,"729353,082199999950000","5690702,321800000000000",12.291733323000074,51.32130775100006,6,6,6,West
171243,14,7,13,000,2018,12,15,4,3,4,1,0,0,1,0,0,0,1,1,"731766,378499999990000","5690047,512199999800000",12.32588167800003,51.31445179500008,5,5,5,Südwest
171256,14,7,13,000,2018,12,08,2,3,9,1,0,0,1,0,0,0,0,1,"736289,312900000020000","5694096,353199999800000",12.393350300000066,51.34893539700005,0,0,0,Mitte